id,kode,nama,uraian,enabled
1,000,UMUM,-,1
2,001,Lambang,-,1
3,001.1,Garuda,-,1
4,001.2,"Bendera Kebangsaan",-,1
5,001.3,"Lagu Kebangsaan",-,1
6,001.4,Daerah,-,1
7,001.31,Provinsi,-,1
8,001.32,Kabupaten/Kota,-,1
9,002,"Tanda Kehormatan/Penghargaan untuk pegawai ","lihat 861.1",1
10,002.1,Bintang,-,1
11,002.2,Satyalencana,-,1
12,002.3,"Samkarya Nugraha",-,1
13,002.4,Monumen,-,1
14,002.5,"Penghargaan Secara Adat",-,1
15,002.6,"Penghargaan lainnya",-,1
16,003,"Hari Raya/Besar",-,1
17,003.1,"Nasional 17 Agustus, Hari Pahlawan, dan sebagainya",-,1
18,003.2,"Hari Raya Keagamaan",-,1
19,003.3,"Hari Ulang Tahun",-,1
20,003.4,"Hari-hari Besar Internasional",-,1
21,004,Ucapan,-,1
22,004.1,"Ucapan Terima Kasih",-,1
23,004.2,"Ucapan Selamat",-,1
24,004.3,"Ucapan Belasungkawa",-,1
25,004.4,"Ucapan Lainnya",-,1
26,005,Undangan,-,1
27,006,"Tanda Jabatan",-,1
28,006.1,"Pamong Praja",-,1
29,006.2,"Tanda Pengenal",-,1
30,006.3,"Pejabat lainnya",-,1
31,007,-,-,1
32,008,-,-,1
33,009,-,-,1
34,010,"URUSAN DALAM ","Gedung Kantor/Termasuk Instalasi Prasarana Fisik Pamong",1
35,011,"Kantor Dinas",-,1
36,012,"Rumah Dinas",-,1
37,012.1,"Tanah Untuk Rumah Dinas",-,1
38,012.2,"Perabot Rumah Dinas",-,1
39,012.3,"Rumah Dinas Golongan 1",-,1
40,012.4,"Rumah Dinas Golongan 2",-,1
41,012.5,"Rumah Dinas Golongan 3",-,1
42,012.6,"Rumah/Bangunan Lainnya",-,1
43,012.7,"Rumah Pejabat Negara",-,1
44,013,"Mess/Guest House",-,1
45,014,"Rumah Susun/Apartemen",-,1
46,015,"Penerangan Listrik/Jasa Listrik",-,1
47,016,Telepon/Faximile/Internet,-,1
48,017,"Keamanan/Ketertiban Kantor",-,1
49,018,"Kebersihan Kantor",-,1
50,019,Protokol,-,1
51,019.1,"Upacara Bendera",-,1
52,019.2,"Tata Tempat",-,1
53,019.21,"Pemasangan Gambar Presiden/Wakil Presiden",-,1
54,019.3,"Audiensi / Menghadap Pimpinan",-,1
55,019.4,"Alamat-Alamat Kantor Pejabat",-,1
56,019.5,Bandir/Umbul-Umbul/Spanduk,-,1
57,020,PERALATAN,-,1
58,020.1,Penawaran,-,1
59,021,"Alat Tulis",-,1
60,022,"Mesin Kantor",-,1
61,023,"Perabot Kantor",-,1
62,024,"Alat Angkutan",-,1
63,025,"Pakaian Dinas",-,1
64,026,Senjata,-,1
65,027,Pengadaan,-,1
66,028,Inventaris,-,1
67,029,-,-,1
68,030,"KEKAYAAN DAERAH",-,1
69,031,"Sumber Daya Alam",-,1
70,032,"Asset Daerah",-,1
71,033,-,-,1
72,034,-,-,1
73,035,-,-,1
74,036,-,-,1
75,040,"PERPUSTAKAAN DOKUMENTASI / KEARSIPAN / SANDI",-,1
76,041,Perpustakaan,-,1
77,041.1,Umum,-,1
78,041.2,Khusus,-,1
79,041.3,"Perguruan Tinggi",-,1
80,041.4,Sekolah,-,1
81,041.5,Keliling,-,1
82,042,Dokumentasi,-,1
83,043,-,-,1
84,044,-,-,1
85,045,Kearsipan,-,1
86,045.1,"Pola Klasifikasi",-,1
87,045.2,"Penataan Berkas",-,1
88,045.3,"Penyusutan Arsip",-,1
89,045.31,"Jadwal Retensi Arsip",-,1
90,045.32,"Pemindahan Arsip",-,1
91,045.33,"Penilaian Arsip",-,1
92,045.34,"Pemusnahan Arsip",-,1
93,045.35,"Penyerahan Arsip",-,1
94,045.36,"Berita Acara Penyusutan Arsip",-,1
95,045.37,"Daftar Pencarian Arsip",-,1
96,045.4,"Pembinaan Kearsipan",-,1
97,045.41,"Bimbingan Teknis",-,1
98,045.5,"Pemeliharaan /Perawatan Arsip",-,1
99,045.6,Pengawetan/Fumigasi,-,1
100,046,Sandi,-,1
101,047,Website,-,1
102,048,"Pengelolaan Data",-,1
103,049,"Jaringan Komunikasi Data",-,1
104,050,PERENCANAAN,-,1
105,050.1,"Repelita/8 Sukses",-,1
106,050.11,"Pelita Daerah",-,1
107,050.12,"Bantuan Pembangunan Daerah",-,1
108,050.13,Bappeda,-,1
109,051,"Proyek Bidang Pemerintahan, ","Klasifikasikan Disini : Proyek Prasaran Fisik Pemerintahan, Tambahkan Perincian 100 Pada 051 Contoh: Proyek Kepenjaraan 051.86",1
110,052,"Bidang Politik",-,1
111,053,"Bidang Keamanan Dan Ketertiban","Tambahkan Perincian 300 Pada 053 Contoh: Proyek Ketataprajaan 053.311 ",1
112,054,"Bidang Kesejahteraan Rakyat ","Tambahkan Peincian 400 pada 054 Contoh: Proyek Resettlement Desa 054.671",1
113,055,"Bidang Perekonomian ","Tambahkan Perincian 500 Pada 055 Contoh: Proyek Pasar 055.112",1
114,056,"Bidang Pekerjaan Umum ","Tambahkan Perincian 600 pada 056 Contoh: Proyek Jembatan 056.3",1
115,057,"Bidang Pengawasan",-,1
116,058,"Bidang Kepegawaian",-,1
117,059,"Bidang Keuangan",-,1
118,060,"ORGANISASI / KETATALAKSANAAN",-,1
119,060.1,"Program Kerja",-,1
120,061,"Organisasi Instansi Pemerintah (struktur organisasi)",-,1
121,061.1,"Susunan dan Tata Kerja",-,1
122,061.2,"Tata Tertib Kantor, Jam Kerja di Bulan Puasa",-,1
123,062,"Organisasi Badan Non Pemerintah",-,1
124,063,"Organisasi Badan Internasional",-,1
125,064,"Organisasi Semi Pemerintah, BKS-AKSI",-,1
126,065,"Ketatalaksanaan / Tata Naskah / Sistem",-,1
127,066,"Stempel Dinas",-,1
128,067,"Pelayanan Umum / Pelayanan Publik / Analisis",-,1
129,068,"Komputerisasi / Siskomdagri",-,1
130,069,"Standar Pelayanan Minimal",-,1
131,070,PENELITIAN,-,1
132,071,Riset,-,1
133,072,Survey,-,1
134,073,Kajian,-,1
135,074,"Kerjasama Penelitian Dengan Perguruan Tinggi",-,1
136,075,"Kementerian Lainnya",-,1
137,076,"Non Kementerian",-,1
138,077,Provinsi,-,1
139,078,Kabupaten/Kota,-,1
140,079,"Kecamatan /Desa",-,1
141,080,"KONFERENSI / RAPAT / SEMINAR",-,1
142,081,Gubernur,-,1
143,082,"Bupati / Walikota",-,1
144,083,"Komponen, Eselon Lainnya",-,1
145,084,"Instansi Lainnya",-,1
146,085,"Internasional Di Dalam Negeri",-,1
147,086,"Internasional Di Luar Negeri",-,1
148,087,-,-,1
149,088,-,-,1
150,089,-,-,1
151,090,"PERJALANAN DINAS",-,1
152,091,"Perjalanan Presiden/Wakil Presiden Ke Daerah",-,1
153,092,"Perjalanan Menteri Ke Daerah",-,1
154,093,"Perjalanan Pejabat Tinggi (Pejabat Eselon 1)",-,1
155,094,"Perjalanan Pegawai Termasuk Pemanggilan Pegawai",-,1
156,095,"Perjalanan Tamu Asing Ke Daerah",-,1
157,096,"Perjalanan Presiden/Wakil Presiden Ke Luar Negeri",-,1
158,097,"Perjalanan Menteri Ke Luar Negeri",-,1
159,098,"Perjalanan Pejabat Tinggi Ke Luar Negeri",-,1
160,099,"Perjalanan Pegawai ke Luar Negeri",-,1
161,100,PEMERINTAHAN,"Meliputi: Tata Praja, Legislatif, Yudikatif, Hubungan luar",1
162,101,negeri,-,1
163,102,GDN,-,1
164,103,-,-,1
165,104,-,-,1
166,105,-,-,1
167,110,"PEMERINTAHAN PUSAT",-,1
168,111,Presiden,"Meliputi: pencalonan, pengangkatan, pelantikan, sumpah, dan serah jabatan",1
169,111.1,"Pertanggung jawaban presiden kpd MPR",-,1
170,111.2,"Amanat Presiden/Amanat Kenegaraan/Pidato",-,1
171,112,"Wakil Presiden","Meliputi: pencalonan, pengangkatan, pelantikan, sumpah, dan serah jabatan",1
172,112.1,"Pertanggung jawaban wakil presiden kepada MPR",-,1
173,112.2,"Amanat Wakil Presiden/Amanat Kenegaraan/Pidato",-,1
174,113,"Susunan Kabinet",-,1
175,113.1,Reshuffle,-,1
176,113.2,"Penunjukan Menteri ad interim",-,1
177,113.3,"Sidang Kabinet",-,1
178,114,"Kementerian Dalam Negeri",-,1
179,114.1,"Amanat Menteri Dalam Negeri/Sambutan",-,1
180,115,"Kementerian lainnya",-,1
181,116,"Lembaga Tinggi Negara",-,1
182,117,"Lembaga Non Kementerian",-,1
183,118,Otonomi/Desentralisasi/Dekonsentrasi,-,1
184,119,"Kerjasama Antar Kementerian",-,1
185,120,"PEMERINTAH PROVINSI",-,1
186,120.04,"Laporan daerah",-,1
187,120.42,"Monografi tambahkan kode wilayah",-,1
188,120.1,Koordinasi,-,1
189,120.2,"Instansi Tingkat Provinsi",-,1
190,120.21,"Dinas Otonomi",-,1
191,120.22,"Instansi Vertikal",-,1
192,120.23,"Kerjasama antar Provinsi/Daerah",-,1
193,121,"Gubernur tambahkan kode wilayah, ","Meliputi: Pencalonan, Pengangkatan, Meninggal, Pelantikan, Pemberhentian, Serah Terima Jabatan dan sebagainya.",1
194,122,"Wakil Gubernur tambahkan kode wilayah, ","Meliputi: Pencalonan, Pengangkatan, Meninggal, Pelantikan, Pemberhentian, Serah Terima Jabatan  dan sebagainya.",1
195,123,"Sekretaris Wilayah tambahkan kode wilayah, ","Meliputi: Pencalonan, Pengangkatan, Meninggal, Pelantikan, Pemberhentian, Serah Terima Jabatan dan sebagainya.",1
196,124,"Pembentukan/Pemekaran Wilayah",-,1
197,124.1,"Pembinaan/Perubahan Nama kepada: Daerah, Kota,Benda, Geografis, Gunung, Sungai, Pulau, Selat, Batas laut, dan sebagainya",-,1
198,124.2,"Pemekaran  Wilayah",-,1
199,124.3,"Forum Koordinasi lainnya",-,1
200,125,"Pembentukan Pemekaran Wilayah",-,1
201,125.1,"Pembinaan/Perubahan Nama Kepada: Daerah, Kota, Benda, Geografis, Gunung, Sungai, Pulau, Selat, Batas Laut, dan sebagainya.",-,1
202,125.2,"Pembentukan Wialayah",-,1
203,125.3,"Pemindahan Ibukota",-,1
204,125.4,"Perubahan batas Wilayah",-,1
205,125.5,"Pemekaran Wialayah",-,1
206,126,"Pembagian Wilayah",-,1
207,127,"Penyerahan Urusan",-,1
208,128,"Swaparaja/Penataan Wilayah/Daerah",-,1
209,129,-,-,1
210,130,"PEMERINTAH KABUPATEN / KOTA","Bupati /Walikota, Tambahkan Kode Wilayah, Meliputi: Pencalonan,Pengangkatan, Meninggal, Pelantikan,",1
211,131,"Pemberhentian, Serah Terima Jabatan, dsb","Sambutan / Pengarahan / Amanat Wakil Bupati /Walikota, Tambahkan Kode Wilayah, Meliputi: Pencalonan, Pengangkatan, Meninggal, Pelantikan,",1
212,132,"Pemberhentian, Serah Terima Jabatan, Sekretaris Daerah Kabupaten/Kota, Tambahkan Kode Wilayah, ","Meliputi: Pencalonan, Pengangkatan, Meninggal,",1
213,133,"Pelantikan, Pemberhentian, Serah Terima Jabatan,.",-,1
214,134,"Forum Koordinasi Pemerintah Di Daerah",-,1
215,134.1,Muspida,-,1
216,134.2,"Forum PAN (Panitian Anggaran Nasional)",-,1
217,134.3,"Forum Koordinasi Lainnya",-,1
218,134.4,"Kerjasama antar Kabupaten/Kota",-,1
219,135,"Pembentukan / Pemekaran Wilayah",-,1
220,135.1,"Pemindahan Ibukota",-,1
221,135.2,"Pembentukan Wilayah Pembantu Bupati/Walikota",-,1
222,135.3,"Pemabagian Wilayah Kabupaten/Kota",-,1
223,135.4,"Perubahan Batas Wilayah",-,1
224,135.5,"Pemekaran Wilayah",-,1
225,135.6,"Permasalahan Batas Wilayah",-,1
226,135.7,"Pembentukan Ibukota Kabupaten/Kota Pemberian dan Penggantian Nama Kabupaten/Kota, Daerah,",-,1
227,135.8,Jalan,-,1
228,136,"Pembagian Wilayah",-,1
229,137,"Penyerahan Urusan",-,1
230,138,"Pemerintah Wilayah Kecamatan",-,1
231,138.1,"Sambutan / Pengarahan / Amanat",-,1
232,138.2,"Pembentukan Kecamatan",-,1
233,138.3,"Pemekaran Kecamatan",-,1
234,138.4,"Perluasan/Perubahan Batas Wilayah Kecamatan",-,1
235,138.5,"Pembentukan Perwakilan Kecamatan/Kemantren",-,1
236,138.6,-,-,1
237,138.7,-,-,1
238,139,-,-,1
239,140,"PEMERINTAHAN DESA / KELURAHAN","Pamong Desa, Meliputi: Pencalonan, Pemilihan, Meninggal,",1
240,141,"Pengangkatan, Pemberhenian, dan sebagainya",-,1
241,142,"Penghasilan Pamong Desa",-,1
242,143,"Kekayaan Desa",-,1
243,144,"Dewan Tingkat Desa, Dewan Marga, Rembug Desa",-,1
244,145,"Administrasi Desa",-,1
245,146,Kewilayahan,-,1
246,146.1,"Pembentukan Desa/Kelurahan",-,1
247,146.2,"Pemekaran Desa/Kelurahan",-,1
248,146.3,"Perubahan Batas Wilayah / Perluasan Desa / Kelurahan",-,1
249,146.4,"Perubahan Nama Desa / Kelurahan",-,1
250,146.5,"Kerjasama Antar Desa / Kelurahan",-,1
251,147,"Lembaga-lembaga Tingkat Desa","Jangan Klasifikasikan Disini, Lihat 410 Dengan Perinciannya",1
252,148,"Perangkat Kelurahan",-,1
253,148.1,"Kepala Kelurahan",-,1
254,148.2,"Sekretaris Kelurahan",-,1
255,148.3,"Staf Kelurahan",-,1
256,149.1,"Dewan Kelurahan",-,1
257,149.2,"Rukun Tetangga",-,1
258,149.3,"Rukun Warga",-,1
259,149.4,"Rukun Kampung",-,1
260,150,"LEGISLATIF MPR / DPR / DPD",-,1
261,151,"Keanggotaan MPR",-,1
262,151.1,Pencalonan,-,1
263,151.2,Pemberhentian,-,1
264,151.3,Recall,-,1
265,151.4,Pelanggaran,-,1
266,152,Persidangan,-,1
267,153,Kesejahteraan,-,1
268,153.1,Keuangan,-,1
269,153.2,Penghargaan,-,1
270,154,Hak,-,1
271,155,"Keanggotaan DPR ","Pencalonan Pengangkatan Persidangan Sidang Pleno Dengar Pendapat/Rapat Komisi",1
272,156,Reses,-,1
273,157,Kesejahteraan,-,1
274,157.1,Keuangan,-,1
275,157.2,Penghargaan,-,1
276,158,"Jawaban Pemerintah",-,1
277,159,Hak,-,1
278,160,"DPRD PROVINSI TAMBAHKAN KODE WILAYAH",-,1
279,161,Keanggotaan,-,1
280,161.1,Pencalonan,-,1
281,161.2,Pengangkatan,-,1
282,161.3,Pemberhentian,-,1
283,161.4,Recall,-,1
284,161.5,Meninggal,-,1
285,161.6,Pelanggaran,-,1
286,162,Persidangan,-,1
287,162.1,Reses,-,1
288,163,Kesejahteraan,-,1
289,163.1,Keuangan,-,1
290,163.2,Penghargaan,-,1
291,164,Hak,-,1
292,165,"Sekretaris DPRD Provinsi",-,1
293,166,-,-,1
294,167,-,-,1
295,168,-,-,1
296,169,-,-,1
297,170,"DPRD KABUPATEN TAMBAHKAN KODE WILAYAH",-,1
298,171,Keanggotaan,-,1
299,171.1,Pencalonan,-,1
300,171.2,Pengangkatan,-,1
301,171.3,Pemberhentian,-,1
302,171.4,Recall,-,1
303,171.5,Pelanggaran,-,1
304,172,Persidangan,-,1
305,173,Kesejahteraan,-,1
306,173.1,Keuangan,-,1
307,173.2,Penghargaan,-,1
308,174,Hak,-,1
309,175,"Sekretaris DPRD Kabupaten/Kota",-,1
310,176,-,-,1
311,177,-,-,1
312,178,-,-,1
313,180,HUKUM,-,1
314,180.1,Kontitusi,-,1
315,180.11,"Dasar Hukum",-,1
316,180.12,"Undang-Undang Dasar",-,1
317,180.2,GBHN,-,1
318,180.3,"Amnesti, Abolisi dan Grasi",-,1
319,181,Perdata,-,1
320,181.1,Tanah,-,1
321,181.2,Rumah,-,1
322,181.3,Utang/Piutang,-,1
323,181.31,Gadai,-,1
324,181.32,Hipotik,-,1
325,181.4,Notariat,-,1
326,182,Pidana,-,1
327,182.1,"Penyidik Pegawai Negeri Sipil (PPNS)",-,1
328,183,Peradilan,"Peradilan Agama Islam 451.6, Peradilan Perkara Tanah 593.71",1
329,183.1,"Bantuan Hukum",-,1
330,184,"Hukum Internasional",-,1
331,185,Imigrasi,-,1
332,185.1,Visa,-,1
333,185.2,Pasport,-,1
334,185.3,Exit,-,1
335,185.4,Reentry,-,1
336,185.5,"Lintas Batas/Batas Antar Negara",-,1
337,186,Kepenjaraan,-,1
338,187,Kejaksaan,-,1
339,188,"Peraturan Perundang-Undangan",-,1
340,188.1,"TAP MPR",-,1
341,188.2,"Undang-Undang Dasar",-,1
342,188.3,Peraturan,-,1
343,188.31,"Peraturan Pemerintah",-,1
344,188.32,"Peraturan Menteri",-,1
345,188.33,"Peraturan Lembaga Non Departemen",-,1
346,188.34,"Peraturan Daerah",-,1
347,188.341,"Peraturan Provinsi",-,1
348,188.342,"Peraturan Kabupaten/Kota",-,1
349,188.4,Keputusan,-,1
350,188.41,Presiden,-,1
351,188.42,Menteri,-,1
352,188.43,"Lembaga Non Departemen",-,1
353,188.44,Gubernur,-,1
354,188.45,Bupati/Walikota,-,1
355,188.5,Instruksi,-,1
356,188.51,Presiden,-,1
357,188.52,Menteri,-,1
358,188.53,"Lembaga Non Departemen",-,1
359,188.54,Gubernur,-,1
360,188.55,Bupati/Walikota,-,1
361,189,"Hukum Adat",-,1
362,189.1,"Tokoh Adat/Masyarakat",-,1
363,190,"HUBUNGAN LUAR NEGERI",-,1
364,191,"Perwakilan Asing",-,1
365,192,"Tamu Negara",-,1
366,193,"Kerjasama Dengan Negara Asing",-,1
367,193.1,Asean,-,1
368,193.2,"Bantuan Luar Negeri/Hibah",-,1
369,194,"Perwakilan RI Di Luar Negeri/Hibah",-,1
370,195,PBB,-,1
371,196,"Laporan Luar Negeri",-,1
372,197,"Hutang Luar Negeri PHLN/LOAN",-,1
373,198,-,-,1
374,199,-,-,1
375,200,POLITIK,-,1
376,201,"Kebijaksanaan umum",-,1
377,202,"Orde baru",-,1
378,203,Reformasi,-,1
379,204,-,-,1
380,205,-,-,1
381,206,-,-,1
382,210,KEPARTAIAN,-,1
383,211,"Lambang partai",-,1
384,212,"Kartu tanda anggota",-,1
385,213,"Bantuan keuangan parpol",-,1
386,214,-,-,1
387,215,-,-,1
388,216,-,-,1
389,220,"ORGANISASI KEMASYARAKATAN",-,1
390,221,"Berdasarkan perjuangan",-,1
391,221.1,"Perintis kemerdekaan",-,1
392,221.2,"angkatan 45",-,1
393,221.3,Veteran,-,1
394,222,"Berdasarkan Kekaryaan",-,1
395,222.1,PEPABRI,-,1
396,222.2,Wredatama,-,1
397,223,"Berdasarkan kerohanian",-,1
398,224,"Lembaga adat",-,1
399,225,"Lembaga Swadaya Masyarakat",-,1
400,226,-,-,1
401,230,"ORGANISASI PROFESI DAN FUNGSIONAL",-,1
402,231,"Ikatan Dokter Indonesia",-,1
403,232,"Persatuan Guru Republik Indonesia",-,1
404,233,"PERSATUAN SARJANA HUKUM INDONESIA",-,1
405,234,"Persatuan Advokat Indonesia",-,1
406,235,"Lembaga Bantuan Hukum Indonesia",-,1
407,236,"Korps Pegawai Republik Indonesia",-,1
408,237,"Persatuan Wartawan Indonesia",-,1
409,238,"Ikatan Cendikiawan Muslim Indonesia",-,1
410,239,"Organisasi Profesi Dan Fungsional Lainnya",-,1
411,240,"ORGANISASI PEMUDA",-,1
412,241,"Komite Nasional Pemuda Indonesia",-,1
413,242,"Organisasi Mahasiswa",-,1
414,243,"Organisasi Pelajar",-,1
415,244,"Gerakan Pemuda Ansor",-,1
416,245,"Gerakan Pemuda Islam Indonesia",-,1
417,246,"Gerakan Pemuda Marhaenis",-,1
418,247,-,-,1
419,248,-,-,1
420,250,"ORGANISASI BURUH, TANI, NELAYAN DAN ANGKUTAN",-,1
421,251,"Federasi Buruh Seluruh Indonesia",-,1
422,252,"Organisasi Buruh Internasional",-,1
423,253,"Himpunan Kerukunan Tani",-,1
424,254,"Himpunan Nelayan Seluruh Indonesia",-,1
425,255,"Keluarga Sopir Proporsional Indonesia",-,1
426,256,-,-,1
427,257,-,-,1
428,258,-,-,1
429,260,"ORGANISASI WANITA",-,1
430,261,"Dharma Wanita",-,1
431,262,"Persatuan Wanita Indonesia",-,1
432,263,"Pemberdayaan Perempuan (wanita)",-,1
433,264,"Kongres Wanita",-,1
434,265,-,-,1
435,266,-,-,1
436,267,-,-,1
437,268,-,-,1
438,269,-,-,1
439,270,"PEMILIHAN UMUM",-,1
440,271,Pencalonan,-,1
441,272,"Nomor Urut Partai / Tanda Gambar",-,1
442,273,Kampanye,-,1
443,274,"Petugas Pemilu",-,1
444,275,"Pemilih / Daftar Pemilih",-,1
445,276,Sarana,-,1
446,276.1,TPS,-,1
447,276.2,Kendaraan,-,1
448,276.3,"Surat Suara",-,1
449,276.4,"Kotak Suara",-,1
450,276.5,Dana,-,1
451,277,"Pemungutan Suara / Perhitungan Suara",-,1
452,278,"Penetapan Hasil Pemilu",-,1
453,279,"Penetapan Perolehan Jumlah Kursi Dan Calon Terpilih",-,1
454,280,"Pengucapan Sumpah Janji MPR,DPR,DPD",-,1
455,281,,-,1
456,282,-,-,1
457,283,-,-,1
458,284,-,-,1
459,300,"KEAMANAN / KETERTIBAN",-,1
460,301,Keamanan,-,1
461,302,Ketertiban,-,1
462,303,-,-,1
463,310,PERTAHANAN,-,1
464,311,Darat,-,1
465,312,Laut,-,1
466,313,Udara,-,1
467,314,Perbatasan,-,1
468,315,-,-,1
469,316,-,-,1
470,317,-,-,1
471,320,KEMILITERAN,-,1
472,321,"Latihan Militer",-,1
473,322,"Wajib Militer",-,1
474,323,"Operasi Militer",-,1
475,324,"Kekaryaan TNI Pejabat Sipil dari TNI",-,1
476,324.1,TMD,-,1
477,325,-,-,1
478,326,-,-,1
479,327,-,-,1
480,328,-,-,1
481,330,KEAMANAN,-,1
482,331,Kepolisian,-,1
483,331.1,"Polisi Pamong Praja",-,1
484,331.2,Kamra,-,1
485,331.3,Kamling,-,1
486,331.4,"Jaga Wana",-,1
487,332,"Huru-Hara / Demonstrasi",-,1
488,333,"Senjata Api Tajam",-,1
489,334,"Bahan Peledak",-,1
490,335,Perjudian,-,1
491,336,"Surat-Surat Kaleng",-,1
492,337,Pengaduan,-,1
493,338,"Himbauan / Larangan",-,1
494,339,Teroris,-,1
495,340,"PERTAHANAN SIPIL",-,1
496,341,"Perlindungan Sipil",-,1
497,342,-,-,1
498,343,-,-,1
499,344,-,-,1
500,350,KEJAHATAN,-,1
501,351,"Makar / Pemberontak",-,1
502,352,Pembunuhan,-,1
503,353,"Penganiayaan, Pencurian",-,1
504,354,"Subversi / Penyelundupan / Narkotika",-,1
505,355,Pemalsuan,-,1
506,356,"Korupsi / Penyelewengan / Penyalahgunaan Jabatan / KKN",-,1
507,357,"Pemerkosaan / Perbuatan Cabul",-,1
508,358,Kenakalan,-,1
509,359,"Kejahatan Lainnya",-,1
510,360,BENCANA,-,1
511,361,"Gunung Berapi / Gempa",-,1
512,362,"Banjir / Tanah Longsor",-,1
513,363,"Angin Topan",-,1
514,364,Kebakaran,-,1
515,364.1,"Pemadam Kebakaran",-,1
516,365,Kekeringan,-,1
517,366,Tsunami,-,1
518,367,-,-,1
519,368,-,-,1
520,370,"KECELAKAAN / SAR",-,1
521,371,Darat,-,1
522,372,Udara,-,1
523,373,Laut,-,1
524,374,"Sungai / Danau",-,1
525,375,-,-,1
526,376,-,-,1
527,377,-,-,1
528,380,-,-,1
529,381,-,-,1
530,382,-,-,1
531,383,-,-,1
532,390,-,-,1
533,391,-,-,1
534,392,-,-,1
535,393,-,-,1
536,400,"KESEJAHTERAAN RAKYAT",-,1
537,401,"Keluarga Miskin",-,1
538,402,"PNPM Mandiri Pedesaan",-,1
539,403,-,-,1
540,404,-,-,1
541,410,"PEMBANGUNAN DESA",-,1
542,411,"Pembinaan Usaha Gotong Royong",-,1
543,411.1,"Swadaya Gotong Royong",-,1
544,411.11,"Penataan Gotong Royong",-,1
545,411.12,"Gotong Royong Dinamis",-,1
546,411.13,"Gotong Royong Statis",-,1
547,411.14,Pungutan,-,1
548,411.2,"Lembaga Sosial Desa (LSD)",-,1
549,411.21,Pembinaan,-,1
550,411.22,Klasifikasi,-,1
551,411.23,Proyek,-,1
552,411.24,Musyawarah,-,1
553,411.3,"Latihan Kerja Masyarakat",-,1
554,411.31,"Kader Masyarakat",-,1
555,411.32,"Kuliah Kerja Nyata (KKN)",-,1
556,411.33,"Pusat Latihan",-,1
557,411.34,Kursus-Kursus,-,1
558,411.35,"Kurikulum / Sylabus",-,1
559,411.36,Ketrampilan,-,1
560,411.37,Pramuka,-,1
561,411.4,"Pembinaan Kesejahteraan Keluarga (PKK)",-,1
562,411.41,Program,-,1
563,411.42,"Pembinaan Organisasi",-,1
564,411.43,Kegiatan,-,1
565,411.5,Penyuluhan,-,1
566,411.51,Publikasi,-,1
567,411.52,Peragaan,-,1
568,411.53,"Sosio Drama",-,1
569,411.54,"Siaran Pedesaan",-,1
570,411.55,"Penyuluhan Lapangan",-,1
571,411.6,"Kelembagaan Desa",-,1
572,411.61,"Kelompok Tani",-,1
573,411.62,"Rukun Tani",-,1
574,411.63,Subak,-,1
575,411.64,"Dharma Tirta",-,1
576,412,"Perekonomian Desa",-,1
577,412.1,"Produksi Desa",-,1
578,412.11,Pengolahan,-,1
579,412.12,Pemasaran,-,1
580,412.2,"Keuangan Desa",-,1
581,412.21,"Perkreditan Desa",-,1
582,412.22,"Inventarisasi Data",-,1
583,412.23,"Perkembangan / Pelaksanaan",-,1
584,412.24,"Bantuan / Stimulans",-,1
585,412.25,"Petunjuk / Pembinaan Pelaksanaan",-,1
586,412.3,"Koperasi Desa",-,1
587,412.31,"Badan Usaha Unit Desa (BUUD)",-,1
588,412.32,"Koperasi Usaha Desa",-,1
589,412.4,"Penataan Bantuan Pembangunan Desa",-,1
590,412.41,"Jumlah Desa Yang Diberi Bantuan",-,1
591,412.42,Pengarahan,-,1
592,412.43,Pusat,-,1
593,412.44,Daerah,-,1
594,412.5,"Alokasi Bantuan Pembangunan Desa",-,1
595,412.51,Pusat,-,1
596,412.52,Daerah,-,1
597,412.6,"Pelaksanaan Bantuan Pembangunan Desa",-,1
598,412.61,"Bantuan Langsung",-,1
599,412.62,"Bantuan Keserasian",-,1
600,412.63,"Bantuan Juara Lomba Desa",-,1
601,413,"Prasarana Desa",-,1
602,413.1,"Prasarana Desa",-,1
603,413.11,Pembinaan,-,1
604,413.12,"Bimbingan Teknis",-,1
605,413.2,"Pemukiman Kembali Penduduk",-,1
606,413.21,Lokasi,-,1
607,413.22,Diskusi,-,1
608,413.23,Pelaksanaan,-,1
609,413.3,"Masyarakat Pradesa",-,1
610,413.31,Pembinaan,-,1
611,413.32,Penyuluhan,-,1
612,413.4,"Pemugaran Perumahan Dan Lingkungan Desa",-,1
613,413.41,"Rumah Sehat",-,1
614,413.42,"Proyek Perintis",-,1
615,413.43,Pelaksanaan,-,1
616,413.44,Pengembangan,-,1
617,413.45,"Perbaikan Kampung",-,1
618,414,"Pengembangan Desa",-,1
619,414.1,"Tingkat Perkembangan Desa",-,1
620,414.11,"Jumlah Desa",-,1
621,414.12,"Pemekaran Desa",-,1
622,414.13,"Pembentukan Desa Baru",-,1
623,414.14,Evaluasi,-,1
624,414.15,Bagan,-,1
625,414.2,"Unit Desa Kerja Pembangunan (UDKP)",-,1
626,414.21,"Penyuluhan Program",-,1
627,414.22,"Lokasi UDKP",-,1
628,414.23,Pelaksanaan,-,1
629,414.24,Bimbingan/Pembinaan,-,1
630,414.25,Evaluasi,-,1
631,414.3,"Tata Desa",-,1
632,414.31,Inventarisasi,-,1
633,414.32,"Penyusunan Pola Tata Desa",-,1
634,414.33,"Aplikasi Tata Desa",-,1
635,414.34,Pemetaan,-,1
636,414.35,"Pedoman Pelaksanaan",-,1
637,414.36,Evaluasi,-,1
638,414.4,"Perlombaan Desa",-,1
639,414.41,Pedoman,-,1
640,414.42,Penilaian,-,1
641,414.43,Kejuaraan,-,1
642,414.44,Piagam,-,1
643,415,Koordinasi,-,1
644,415.1,"Sektor Khusus",-,1
645,415.2,"Rapat Koordinasi Horizontal (RKH)",-,1
646,415.3,"Tim Koordinasi Pusat (TKP)",-,1
647,415.4,Kerjasama,-,1
648,415.41,"Luar Negeri (UNICEF)",-,1
649,415.42,"Perguruan Tinggi",-,1
650,415.43,"Kementerian / Lembaga Non Kementerian",-,1
651,416,-,-,1
652,417,-,-,1
653,418,-,-,1
654,420,PENDIDIKAN,-,1
655,420.1,"Pendidikan Khusus Klasifikasi Disini Pendidikan Putra/I Irja",-,1
656,421,Sekolah,-,1
657,421.1,"Pra Sekolah",-,1
658,421.2,"Sekolah Dasar",-,1
659,421.3,"Sekolah Menengah",-,1
660,421.4,"Sekolah Tinggi",-,1
661,421.5,"Sekolah Kejuruan",-,1
662,421.6,"Kegiatan Sekolah, Dies Natalis Lustrum",-,1
663,421.7,"Kegiatan Pelajar",-,1
664,421.71,"Reuni Darmawisata",-,1
665,421.72,"Pelajar Teladan",-,1
666,421.73,"Resimen Mahasiswa",-,1
667,421.8,"Sekolah Pendidikan Luar Biasa",-,1
668,421.9,"Pendidikan Luar Sekolah / Pemberantasan Buta Huruf",-,1
669,422,"Administrasi Sekolah","Persyaratan Masuk Sekolah, Testing, Ujian, Pendaftaran,",1
670,422.1,"Mapras, Perpeloncoan",-,1
671,422.2,"Tahun Pelajaran",-,1
672,422.3,"Hari Libur",-,1
673,422.4,"Uang Sekolah, Klasifikasi Disini SPP",-,1
674,422.5,Beasiswa,-,1
675,423,"Metode Belajar",-,1
676,423.1,Kuliah,-,1
677,423.2,"Ceramah, Simposium",-,1
678,423.3,Diskusi,-,1
679,423.4,"Kuliah Lapangan, Widyawisata, KKN, Studi Tur",-,1
680,423.5,Kurikulum,-,1
681,423.6,"Karya Tulis",-,1
682,423.7,Ujian,-,1
683,424,"Tenaga Pengajar, Guru, Dosen, Dekan, Rektor","Klasifikasi Disini: Guru Teladan",1
684,425,"Sarana Pendidikan",-,1
685,425.1,Gedung,-,1
686,425.11,"Gedung Sekolah",-,1
687,425.12,Kampus,-,1
688,425.13,"Pusat Kegiatan Mahasiswa",-,1
689,425.2,Buku,-,1
690,425.3,"Perlengkapan Sekolah",-,1
691,426,Keolahragaan,-,1
692,426.1,"Cabang Olah Raga",-,1
693,426.2,Sarana,-,1
694,426.21,"Gedung Olah Raga",-,1
695,426.22,Stadion,-,1
696,426.23,Lapangan,-,1
697,426.24,"Kolam renang",-,1
698,426.3,"Pesta Olah Raga, ","Klasifikasi Disini: PON, Porsade, Olimpiade, dsb",1
699,426.4,KONI,-,1
700,427,"Kepramukaan Meliputi: Organisasi Dan Kegiatan Remaja","Klasifikasi Disini: Gelanggang Remaja",1
701,428,Kepramukaan,-,1
702,429,"Pendidikan  Kedinasan Untuk Depdagri, Lihat 890",-,1
703,430,KEBUDAYAAN,-,1
704,431,Kesenian,-,1
705,431.1,"Cabang Kesenian",-,1
706,431.2,Sarana,-,1
707,431.21,"Gedung Kesenian",-,1
708,432,Kepurbakalaan,-,1
709,432.1,Museum,-,1
710,432.2,"Peninggalan Kuno",-,1
711,432.21,"Candi Termasuk Pemugaran",-,1
712,432.22,Benda,-,1
713,433,Sejarah,-,1
714,434,Bahasa,-,1
715,435,"Usaha Pertunjukan, Hiburan, Kesenangan",-,1
716,436,Kepercayaan,-,1
717,437,-,-,1
718,438,-,-,1
719,439,-,-,1
720,440,KESEHATAN,-,1
721,441,"Pembinaan Kesehatan",-,1
722,441.1,Gizi,-,1
723,441.2,Mata,-,1
724,441.3,Jiwa,-,1
725,441.4,Kanker,-,1
726,441.5,"Usaha Kegiatan Sekolah (UKS)",-,1
727,441.6,Perawatan,-,1
728,441.7,"Penyuluhan Kesehatan Masyarakat (PKM)",-,1
729,441.8,"Pekan Imunisasi Nasional",-,1
730,442,Obat-obatan,-,1
731,442.1,Pengadaan,-,1
732,442.2,Penyimpanan,-,1
733,443,"Penyakit Menular",-,1
734,443.1,Pencegahan,-,1
735,443.2,"Pemberantasan dan Pencegahan Penyakit Menular Langsung (P2ML)",-,1
736,443.21,Kusta,-,1
737,443.22,Kelamin,-,1
738,443.23,Frambosia,-,1
739,443.24,"TBC / AIDS / HIV",-,1
740,443.3,"Epidemiologi dan Karantina (Epidka)",-,1
741,443.31,Kholera,-,1
742,443.32,Imunisasi,-,1
743,443.33,Survailense,-,1
744,443.34,"Rabies (Anjing Gila) Antraks",-,1
745,443.4,"Pemberantasan & Pencegahan Penyakit Menular Sumber Binatang (P2B)",-,1
746,443.41,Malaria,-,1
747,443.42,"Dengue Faemorrhagic Fever (Demam Berdarah HDF)",-,1
748,443.43,Filaria,-,1
749,443.44,Serangga,-,1
750,443.5,"Hygiene Sanitasi",-,1
751,443.51,"Tempat-tempat Pembuatan Dan Penjualan Makanan dan Minuman (TPPMM)",-,1
752,443.52,"Sarana Air Minum Dan Jamban Keluarga (Samijaga)",-,1
753,443.53,Pestisida,-,1
754,444,Gizi,-,1
755,444.1," Kekurangan Makanan Bahaya Kelaparan, Busung Lapar",-,1
756,444.2,"Keracunan Makanan",-,1
757,444.3,"Menu Makanan Rakyat",-,1
758,444.4,"Badan Perbaikan Gizi Daerah (BPGD)",-,1
759,444.5,"Program Makanan Tambahn Anak Sekolah (PMT-AS)",-,1
760,445,"Rumah Sakit, Balai Kesehatan, PUSKESMAS, PUSKESMAS, Keliling, Poliklinik",-,1
761,446,"Tenaga Medis",-,1
762,448,"Pengobatan Tadisional",-,1
763,448.1,Pijat,-,1
764,448.2,"Tusuk Jarum",-,1
765,448.3,"Jamu Tradisional",-,1
766,448.4,"Dukun / Paranormal",-,1
767,450,AGAMA,-,1
768,451,Islam,-,1
769,451.1,Peribadatan,-,1
770,451.11,Sholat,-,1
771,451.12,"Zakat Fitrah",-,1
772,451.13,Puasa,-,1
773,451.14,MTQ,-,1
774,451.2,"Rumah Ibadah",-,1
775,451.3,"Tokoh Agama",-,1
776,451.4,Pendidikan,-,1
777,451.41,Tinggi,-,1
778,451.42,Menengah,-,1
779,451.43,Dasar,-,1
780,451.44,"Pondok Pesantren",-,1
781,451.45,"Gedung Sekolah",-,1
782,451.46,"Tenaga Pengajar",-,1
783,451.47,Buku,-,1
784,451.48,Dakwah,-,1
785,451.49,"Organisasi / Lembaga Pendidikan",-,1
786,451.5,"Harta Agama Wakaf, Baitulmal, dsb",-,1
787,451.6,Peradilan,-,1
788,451.7,"Organisasi Keagamaan Bukan Politik Majelis Ulama",-,1
789,451.8,Mazhab,-,1
790,452,Protestan,-,1
791,452.1,Peribadatan,-,1
792,452.2,"Rumah Ibadah",-,1
793,452.3,"Tokoh Agama, Rohaniawan, Pendeta, Domine",-,1
794,452.4,Mazhab,-,1
795,452.5,"Organisasi Gerejani",-,1
796,453,Katolik,-,1
797,453.1,Peribadatan,-,1
798,453.2,"Rumah Ibadah",-,1
799,453.3,"Tokoh Agama, Rohaniawan, Pendeta, Pastor",-,1
800,453.4,Mazhab,-,1
801,453.5,"Organisasi Gerejani",-,1
802,454,Hindu,-,1
803,454.1,Peribadatan,-,1
804,454.2,"Rumah Ibadah",-,1
805,454.3,"Tokoh Agama, Rohaniawan",-,1
806,454.4,Mazhab,-,1
807,454.5,"Organisasi Keagamaan",-,1
808,455,Budha,-,1
809,455.1,Peribadatan,-,1
810,455.2,"Rumah Ibadah",-,1
811,455.3,"Tokoh Agama, Rohaniawan",-,1
812,455.4,Mazhab,-,1
813,455.5,"Organisasi Keagamaan",-,1
814,456,"Urusan Haji",-,1
815,456.1,ONH,-,1
816,456.2,Manasik,-,1
817,457,-,-,1
818,458,-,-,1
819,458,-,-,1
820,460,SOSIAL,-,1
821,461,"Rehabilitasi Penderita Cacat",-,1
822,461.1,"Cacat Maat",-,1
823,461.2,"Cacat Tubuh",-,1
824,461.3,"Cacat Mental",-,1
825,461.4,Bisul/Tuli,-,1
826,462,"Tuna Sosial",-,1
827,462.1,Gelandangan,-,1
828,462.2,Pengemis,-,1
829,462.3,"Tuna Susila",-,1
830,462.4,"Anak Nakal",-,1
831,463,"Kesejahteraan Anak / Keluarga",-,1
832,463.1,"Anak Putus Sekolah",-,1
833,463.2,"Ibu Teladan",-,1
834,463.3,"Anak Asuh",-,1
835,464,"Pembinaan Pahlawan","Pahlawan Meliputi: Penghargaan Kepada Pahlawan,",1
836,464.1,"Tunjangan Kepada Pahlawan Dan Jandanya","Perintis Kemerdekaan Meliputi: Pembinaan, Penghargaan",1
837,464.2,"Dan Tunjangan Kepada Perintis",-,1
838,464.3,"Cacat Veteran",-,1
839,465,"Kesejahteraan Sosial",-,1
840,465.1,"Lanjut Usia",-,1
841,465.2,"Korban Kekacauan, Pengungsi, Repatriasi",-,1
842,466,"Sumbangan Sosial",-,1
843,466.1,"Korban Bencana",-,1
844,466.2,"Pencarian Dana Untuk Sumbangan",-,1
845,466.3,"Meliputi: Penyelenggaraan Undian, Ketangkasan, Bazar, dsb",-,1
846,466.4,"Panti Asuhan",-,1
847,466.5,"Panti Jompo",-,1
848,467," Bimbingan Sosial",-,1
849,467.1,"Masyarakat Suku Terasing Meliputi: Bimbingan, Pendidikan, Kesehatan, Pemukiman",-,1
850,468,PMI,-,1
851,469,Makam,-,1
852,469.1,Umum,-,1
853,469.2,"Pahlawan Meliputi: Penghargaan Kepada Pahlawan, Tunjangan Kpd Pahlawan Dan Jandanya",-,1
854,469.3,"Khusus Keluarga Raja",-,1
855,469.4,Krematorium,-,1
856,470,KEPENDUDUKAN,-,1
857,471,"Pendaftaran Penduduk",-,1
858,471.1,"Identitas Penduduk",-,1
859,471.11,Biodata,-,1
860,471.12,"Nomor Induk Kependudukan",-,1
861,471.13,"Kartu Tanda Penduduk",-,1
862,471.14,"Kartu Keluarga",-,1
863,471.15,"Advokasi Indentitas Penduduk",-,1
864,471.2,"Perpindahan Penduduk Dalam Wilayah Indonesia",-,1
865,471.21,"Perpindahan Penduduk WNI",-,1
866,471.22,"Perpindahan Penduduk WNA Dalam Wilayah Indonesia",-,1
867,471.23,"Perpindahan Penduduk WNA dan WNI Tinggal Sementara",-,1
868,471.24,"Daerah Terbelakan",-,1
869,471.25,"Bedol Desa",-,1
870,471.3,"Perpindahan Penduduk Antar Negara",-,1
871,471.31,"Penduduk Indonesia Ke Luar Negeri",-,1
872,471.32,"Orang Asing Tinggal Sementara",-,1
873,471.33,"Orang Asing Tinggal Tetap",-,1
874,471.34,"Perpindahan Penduduk Antar Negara Di Wilayah Pembatasan Antar Negara (Pelintas Batas Tradisional)",-,1
875,471.4,"Pendaftaran Pengungsi Dan Penduduk Rentan",-,1
876,471.41,"Akibat Bencana Alam",-,1
877,471.42,"Akibat Kerusuhan Sosial",-,1
878,471.43,"Pendaftaran Penduduk Daerah Terbelakang",-,1
879,471.44,"Pendaftaran Penduduk Rentan",-,1
880,472,"Pencatatan Sipil",-,1
881,472.1,"Kelahiran, Kematian Dan Advokasi",-,1
882,472.11,Kelahiran,-,1
883,472.12,Kematian,-,1
884,472.13,"Advokasi Kelahiran Dan Kematian",-,1
885,472.2,"Perkawinan, Peceraian Dan Advokasi",-,1
886,472.3,"Perkawinan Agama Islam",-,1
887,472.4,"Perkawinan Agama Non Islam",-,1
888,472.5,"Perceraian Agama Islam",-,1
889,472.6,"Perceraian Agama Non Islam",-,1
890,472.7,"Advokasi Perkawinan Dan Perceraian",-,1
891,472.3,"Pengangkatan, Pengakuan, Dan Pengesahan Anak Serta Perubahan Dan Pembatalan Akta Dan Advokasi Pengangkatan Anak",-,1
892,472.31,"Pengangkatan Anak",-,1
893,472.32,"Pengakuan Anak",-,1
894,472.33,"Pengesahan Anak",-,1
895,472.34,"Perubahan Anak",-,1
896,472.35,"Pembatalan Anak",-,1
897,472.36,"Advokasi Pengurusan Pengangkatan, Pengakuan Dan Pengesahan Anak Serta Perubahan Dan Pembatalan Akta",-,1
898,472.4,"Pencatatan Kewarganegaraan",-,1
899,472.41,"Akibat Perkawinan",-,1
900,472.42,"Akibat Kelahiran",-,1
901,472.43,"Non Perkawinan",-,1
902,472.44,"Non Kelahiran",-,1
903,472.45,"Perubahan WNI ke WNA",-,1
904,473,"Informasi Kependudukan",-,1
905,473.1,"Teknologi Informasi",-,1
906,473.11,"Perangkat Keras",-,1
907,473.12,"Perangkat Lunak",-,1
908,473.13,"Jaringan Komunikasi Data",-,1
909,473.2,"Kelembagaan Dan Sumber Daya Informasi",-,1
910,473.21,"Daerah Maju",-,1
911,473.22,"Daerah Berkembang",-,1
912,473.23,"Daerah Terbelakang",-,1
913,473.3,"Pengolahan Data Kependudukan",-,1
914,473.31,"Pendaftaran Penduduk",-,1
915,473.32,"Kejadian Vital Penduduk",-,1
916,473.33,"Penduduk Non Registrasi",-,1
917,473.4,"Pelayanan Informasi Kependudukan",-,1
918,473.41,"Media Elektronik",-,1
919,473.42,"Media Cetak",-,1
920,473.43,Outlet,-,1
921,474,"Perkembangan Penduduk",-,1
922,474.1,"Pengarahan Kuantitas Penduduk",-,1
923,474.11,"Struktur Jumlah",-,1
924,474.12,Komposisi,-,1
925,474.13,Fertilitas,-,1
926,474.14,"Kesehatan Reproduksi",-,1
927,474.15,"Morbiditas Penduduk",-,1
928,474.16,"Mortalitas Penduduk",-,1
929,474.2,"Pengembangan Kuantitas Penduduk",-,1
930,474.21,"Anak dan Remaja",-,1
931,474.22,"Penduduk Usia Produktif",-,1
932,474.23,"Penduduk Lanjut Usia",-,1
933,474.24,Gender,-,1
934,474.3,"Penataan Persebaran Penduduk",-,1
935,474.31,"Migrasi Antar Wilayah",-,1
936,474.32,"Migrasi Internasional",-,1
937,474.33,Urbanisasi,-,1
938,474.34,Sementara,-,1
939,474.35,"Migrasi Non Permanen",-,1
940,474.4,"Perlindungan Pemberdayaan Penduduk",-,1
941,474.41,"Pengembangan Sistem Pelindungan Penduduk",-,1
942,474.42,"Pelayanan Kelembagaan Ekonomi",-,1
943,474.43,"Pelayanan Kelembagaan Sosial Budaya",-,1
944,474.44,"Partisipasi Masyarakat",-,1
945,474.5,"Pengembangan Wawasan Kependudukan",-,1
946,474.51,"Pendidikan Jalur Sekolah",-,1
947,474.52,"Pendidikan Jalur Luar Sekolah",-,1
948,474.53,"Pendidikan Jalur Masyarakat",-,1
949,474.54,"Pembangunan Berwawasan Kependudukan",-,1
950,475,"Proyeksi Dan Penyerasian Kebijakan Kependudukan",-,1
951,475.1,"Indikator Kependudukan",-,1
952,475.11,"Perumusan Penetapan Dan Pengembangan Indikator Kependudukan",-,1
953,475.12,"Pemanfaatan Indikator Kependudukan",-,1
954,475.13,"Sosialisasi Indikator Kependudukan",-,1
955,475.2,"Proyeksi Kependudukan",-,1
956,475.21,"Penyusunan Dan Pengembangan Proyeksi Kependudukan",-,1
957,475.22,"Pemanfaatan Proyeksi Kependudukan",-,1
958,475.3,"Analisis Dampak Kependudukan",-,1
959,475.31,"Penyusunan Dan Pengembangan",-,1
960,475.32,"Pemanfaatan Analisis Dampak Kependudukan",-,1
961,475.4,"Penyerasian Kebijakan Lembaga Non Pemerintah",-,1
962,475.41,"Lembaga Internasioanal",-,1
963,475.42,"Lembaga Masyarakat Dan Nirlaba",-,1
964,475.43,"Lembaga Usaha Swasta",-,1
965,475.5,"Penyerasian Kebijakan Lembaga Pemerintah",-,1
966,475.51,"Lembaga Pemerintah",-,1
967,475.52,"Pemerintah Provinsidan Kota",-,1
968,475.53,"Pemerintah Kabupaten",-,1
969,475.6,Analisis,-,1
970,476,Monitoring,-,1
971,477,Evaluasi,-,1
972,478,Dokumentasi,-,1
973,479,-,-,1
974,480,"MEDIA MASSA",-,1
975,481,Penerbitan,-,1
976,481.1,"Surat Kabar",-,1
977,481.2,Majalah,-,1
978,481.3,Buku,-,1
979,481.4,Penerjemahan,-,1
980,482,Radio,-,1
981,482.1,RRI,-,1
982,482.11,"Siaran Pedesaan Jgn Diklasifikasikan Disini",-,1
983,482.2,"Non RRI",-,1
984,482.3,"Luar Negeri",-,1
985,483,Televisi,-,1
986,484,Film,-,1
987,485,Pers,-,1
988,485.1,Kewartawanan,-,1
989,485.2,Wawancara,-,1
990,485.3,"Informasi Nasional",-,1
991,486,Grafika,-,1
992,487,Penerangan,-,1
993,487.1,"Pameran Non Komersil",-,1
994,488,"Operation Room",-,1
995,489,"Hubungan Masyarakat",-,1
996,490,"Pengaduan Masyarakat",-,1
997,491,-,-,1
998,492,-,-,1
999,500,PEREKONOMIAN,-,1
1000,500.1,"Dewan Stabilisasi",-,1
1001,501,"Pengadaan Pangan",-,1
1002,502,"Pengadaan Sandang Perizinan Pada Umumnya Untuk Perizinan Suatu Bidang,",-,1
1003,503,"Kalsifikasikan Masalahnya",-,1
1004,504,-,-,1
1005,505,-,-,1
1006,506,-,-,1
1007,510,PERDAGANGAN,"Klasifikasikan Disini: Tata Niaga",1
1008,510.1,"Promosi Perdagangan",-,1
1009,510.11,"Pekan Raya",-,1
1010,510.12,Iklan,-,1
1011,510.13,"Pameran Non Komersil",-,1
1012,510.2,Pelelangan,-,1
1013,510.3,Tera,-,1
1014,511,Pemasaran,-,1
1015,511.1,"Sembilan Bahan Pokok, Tambahkan Kode Wilayah : Beras, Garam, Tanah, Minyak Goreng",-,1
1016,511.2,Pasar,-,1
1017,511.3,"Pertokoan, Kaki Lima, Kios",-,1
1018,512,Ekspor,-,1
1019,513,Impor,-,1
1020,514,"Perdagangan Antar Pulau",-,1
1021,515,"Perdagangan Luar Negeri",-,1
1022,516,Pergudangan,-,1
1023,517,"Aneka Usaha Perdagangan",-,1
1024,518,"Koperasi untuk BUUD, KUD lihat ( 412.31-412.32)",-,1
1025,519,-,-,1
1026,520,PERTANIAN,-,1
1027,521,"Tanaman Pangan",-,1
1028,521.1,Program,-,1
1029,521.11,"Bimas / Inmas Termasuk Kredit",-,1
1030,521.12,Penyuluhan,-,1
1031,521.2,Produksi,-,1
1032,521.21,"Padi / Panen",-,1
1033,521.22,Palawija,-,1
1034,521.23,Jagung,-,1
1035,521.24,"Ketela Pohon / Ubi-Ubian",-,1
1036,521.25,Hortikultura,-,1
1037,521.26,"Sayuran / Buah-Buahan",-,1
1038,521.27,"Tanaman Hias",-,1
1039,521.28,"Pembudidayaan Rumput Laut",-,1
1040,521.3,"Saran Usaha Pertanian",-,1
1041,521.31,"Peralatan Meliputi: Traktor Dan Peralatan Lainya",-,1
1042,521.32,Pembibitan,-,1
1043,521.33,Pupuk,-,1
1044,521.4,"Perlindungan Tanaman",-,1
1045,521.41,"Penyakit, Penyakit Daun, Penyakit Batang Hama, Serangga, Wereng, Walang Sangit, Tungru, Tikus Dan Sejenisnya",-,1
1046,521.42,"Pemberantasan Hama Meliputi: Penyemprotan, Penyiangan, Geropyokan, Sparayer,",-,1
1047,521.43,"Pemberantasan Melalui Udara",-,1
1048,521.44,Pestisida,-,1
1049,521.5,"Tanah Pertanian Pangan",-,1
1050,521.51,Persawahan,-,1
1051,521.52,Perladangan,-,1
1052,521.53,Kebun,-,1
1053,521.54,"Rumpun Ikan Laut",-,1
1054,521.55,"KTA/Lahan Kritis",-,1
1055,521.6,"Pengusaha Petani",-,1
1056,521.7,"Bina Usaha",-,1
1057,521.71,"Pasca Panen",-,1
1058,521.72,"Pemasaran Hasil",-,1
1059,522,Kehutanan,-,1
1060,522.1,Program,-,1
1061,522.11,"Hak Pengusahaan Hutan",-,1
1062,522.12,"Tata Guna Hutan",-,1
1063,522.13,"Perpetaan Hutan",-,1
1064,522.14,Tumpangsari,-,1
1065,522.2,Produksi,-,1
1066,522.21,Kayu,-,1
1067,522.22,"Non Kayu",-,1
1068,522.3,"Sarana  Usaha  Kehutanan",-,1
1069,522.4,"Penghijauan, Reboisasi",-,1
1070,522.5,Kelestarian,-,1
1071,522.51,"Cagar Alam, Marga Satwa, Suaka Marga Satwa",-,1
1072,522.52,"Berburu Meliputi Larangan Dan Ijin Berburu",-,1
1073,522.53,"Kebun Binatang",-,1
1074,522.54,"Konservasi Lahan",-,1
1075,522.6,Penyakit/Hama,-,1
1076,522.7,"Jenis-jenis Hutan",-,1
1077,522.71,"Hutan Hidup",-,1
1078,522.72,"Hutan Wisata",-,1
1079,522.73,"Hutan Produksi",-,1
1080,522.74,"Hutan Lindung",-,1
1081,523,Perikanan,-,1
1082,523.1,Program,-,1
1083,523.11,Penyuluhan,-,1
1084,523.12,Teknologi,-,1
1085,523.2,Produksi,-,1
1086,523.21,Pelelangan,-,1
1087,523.3,"Usaha Perikanan",-,1
1088,523.31,Pembibitan,-,1
1089,523.32,"Daerah Penagkapan",-,1
1090,523.33,"Pertambakan Meliputi: ( Tambak Ikan Air Deras, Tambak Udang dll )",-,1
1091,523.34,"Jaring Terapung",-,1
1092,523.4,Sarana,-,1
1093,523.41,Peralatan,-,1
1094,523.42,Kapal,-,1
1095,523.43,Pelabuhan,-,1
1096,523.5,Pengusaha,-,1
1097,523.6,Nelayan,-,1
1098,524,Peternakan,-,1
1099,524.1,Produksi,-,1
1100,524.11,"Susu Ternak Rakyat",-,1
1101,524.12,Telur,-,1
1102,524.13,Daging,-,1
1103,524.14,Kulit,-,1
1104,524.2,"Sarana Usaha Ternak",-,1
1105,524.21,Pembibitan,-,1
1106,524.22,"Kandang Ternak",-,1
1107,524.3,"Kesehatan Hewan",-,1
1108,524.31,"Penyakit Hewan",-,1
1109,524.32,"Pos Kesehatan Hewan",-,1
1110,524.33,"Tesi Pullorum",-,1
1111,524.34,Karantina,-,1
1112,524.35,"Pemberantasan Penyakit Hewan Termasuk Usaha Pencegahannya",-,1
1113,524.4,Perunggasan,-,1
1114,524.5,"Pengembangan Ternak",-,1
1115,524.51,"Inseminasi Buatan",-,1
1116,524.52,"Pembibitan / Bibit Unggul",-,1
1117,524.53,"Penyebaran Ternak",-,1
1118,524.6,"Makanan Ternak",-,1
1119,524.7,"Tempat Pemotongan Hewan",-,1
1120,524.8,"Data Peternakan",-,1
1121,525,Perkebunan,-,1
1122,525.1,Program,-,1
1123,525.2,Produksi,-,1
1124,525.21,Karet,-,1
1125,525.22,The,-,1
1126,525.23,Tembakau,-,1
1127,525.24,Tebu,-,1
1128,525.25,Cengkeh,-,1
1129,525.26,Kopra,-,1
1130,525.27,Kopi,-,1
1131,525.28,Coklat,-,1
1132,525.29,"Aneka Tanaman",-,1
1133,526,-,-,1
1134,527,-,-,1
1135,528,-,-,1
1136,530,PERINDUSTRIAN,-,1
1137,530.08,"Undang-Undang Gangguan",-,1
1138,531,"Industri Logam",-,1
1139,532,"Industri Mesin/Elektronik",-,1
1140,533,"Industri Kimia/Farmasi",-,1
1141,534,"Industri Tekstil",-,1
1142,535,"Industri Makanan / Minuman",-,1
1143,536,"Aneka Industri / Perusahaan",-,1
1144,537,"Aneka Kerajinan",-,1
1145,538,"Usaha Negara / BUMN",-,1
1146,538.1,Perjan,-,1
1147,538.2,Perum,-,1
1148,538.3,"Persero / PT, CV",-,1
1149,539,"Perusahaan Daerah / BUMD/BULD",-,1
1150,540,"PERTAMBANGAN / KESAMUDRAAN",-,1
1151,541,"Minyak Bumi / Bensin",-,1
1152,541.1,Pengusahaan,-,1
1153,542,"Gas bumi",-,1
1154,542.1,"Eksploitasi / Pengeboran",-,1
1155,542.11,"Kontrak Kerja",-,1
1156,542.2,"Penogolahan,","Meliputi :Tangki, Pompa, Tanker",1
1157,543,"Aneka Tambang",-,1
1158,543.1,Timah,-,1
1159,543.2,"Alumunium, Boxit",-,1
1160,543.3,"Besi Termasuk Besi Tua",-,1
1161,543.4,Tembaga,-,1
1162,543.5,"Batu Bara",-,1
1163,544,"Logam Mulia,Emas,Intan,Perak",-,1
1164,545,Logam,-,1
1165,546,Geologi,-,1
1166,546.1,Vulkanologi,-,1
1167,546.11,"Pengawasan Gunung Berapi",-,1
1168,546.2,"Sumur Artesis, Air Bawah Tanah",-,1
1169,547,Hidrologi,-,1
1170,548,Kesamudraan,-,1
1171,549,"Pesisir Pantai",-,1
1172,550,PERHUBUNGAN,-,1
1173,551,"Perhubungan Darat",-,1
1174,551.1,"Lalu Lintas Jalan Raya, Sungai, Danau",-,1
1175,551.11,"Keamanan Lalu Lintas, Rambu-Rambu",-,1
1176,551.2,"Angkutan Jalan Raya",-,1
1177,551.21,Perizinan,-,1
1178,551.22,Terminal,-,1
1179,551.23,"Alat Angkutan",-,1
1180,551.3,"Angkutan Sungai",-,1
1181,551.31,Perizinan,-,1
1182,551.32,Terminal,-,1
1183,551.33,Pelabuhan,-,1
1184,551.4,"Angkutan Danau",-,1
1185,551.41,Perizinan,-,1
1186,551.42,Terminal,-,1
1187,551.43,Pelabuhan,-,1
1188,551.5,Feri,-,1
1189,551.51,Perizinan,-,1
1190,551.52,Terminal,-,1
1191,551.53,Pelabuhan,-,1
1192,551.6,Perkereta-Apian,-,1
1193,552,"Perhubungan Laut",-,1
1194,552.1,"Lalu Lintas Angkutan Laut, Pelayanan Umum",-,1
1195,552.11,"Keamanan Lalu Lintas, Rambu-Rambu",-,1
1196,552.12,"Pelayaran Dalam Negeri",-,1
1197,552.13,"Pelayaran Luar Negeri",-,1
1198,552.2,"Perkapalan Alat Angkutan",-,1
1199,552.3,Pelabuhan,-,1
1200,552.4,Pengerukan,-,1
1201,552.5,"Penjagaan Pantai",-,1
1202,553,"Perhubungan Udara",-,1
1203,553.1,"Lalu Lintas Udara / Keamanan Lalu Lintas Udara",-,1
1204,553.2,"Pelabuhan Udara",-,1
1205,553.3,"Alat Angkutan",-,1
1206,554,Pos,-,1
1207,555,Telekomunikasi,-,1
1208,555.1,Telepon,-,1
1209,555.2,Telegram,-,1
1210,555.3,"Telex / SSB, Faximile",-,1
1211,555.4,"Satelit, Internet",-,1
1212,555.5,"Stasiun Bumi, Parabola",-,1
1213,556,"Pariwisata dan Rekreasi",-,1
1214,556.1,"Obyek Kepariwisataan Taman Mini Indonesia Indah",-,1
1215,556.2,Perhotelan,-,1
1216,556.3,"Travel service",-,1
1217,556.4,"Tempat Rekreasi",-,1
1218,557,Meteorologi,-,1
1219,557.1,"Ramalan Cuaca",-,1
1220,557.2,"Curah Hujan",-,1
1221,557.3,"Kemarau Panjang",-,1
1222,558,-,-,1
1223,559,-,-,1
1224,560,"TENAGA KERJA",-,1
1225,560.1,Pengangguran,-,1
1226,561,Upah,-,1
1227,562,"Penempatan Tenaga Kerja, TKI",-,1
1228,563,"Latihan Kerja",-,1
1229,564,"Tenaga Kerja",-,1
1230,564.1,Butsi,-,1
1231,564.2,"Padat Karya",-,1
1232,565,"Perselisihan Perburuhan",-,1
1233,566,"Keselamatan Kerja",-,1
1234,567,"Pemutusan Hubungan Kerja",-,1
1235,568,"kesejahteraan Buruh",-,1
1236,569,"Tenaga Orang Asing",-,1
1237,570,PERMODALAN,-,1
1238,571,"Modal Domestik",-,1
1239,572,"Modal Asing",-,1
1240,573,"Modal Patungan (Joint Venture) / Penyertaan Modal",-,1
1241,574,"Pasar Uang Dan Modal",-,1
1242,575,Saham,-,1
1243,576,"Belanja Modal",-,1
1244,577,"Modal Daerah",-,1
1245,580,"PERBANKAN / MONETER",-,1
1246,581,Kredit,-,1
1247,582,Investasi,-,1
1248,583,"Pembukaan ,Perubahan,Penutupan Rekening, Deposito",-,1
1249,584,"Bank Pembangunan Daerah",-,1
1250,585,"Asuransi Dana Kecelakaan Lalu Lintas",-,1
1251,586,"Alat Pembayaran, Cek, Giro, Wesel, Transfer",-,1
1252,587,Fiskal,-,1
1253,588,"Hutang Negara",-,1
1254,589,Moneter,-,1
1255,590,AGRARIA,-,1
1256,591,"Tataguna Tanah",-,1
1257,591.1,"Pemetaan dan Pengukuran",-,1
1258,591.2,Perpetaan,-,1
1259,591.3,"penyediaan Data",-,1
1260,591.4,"Fatwa Tata Guna Tanah",-,1
1261,591.5,"Tanah Kritis",-,1
1262,592,Landreform,-,1
1263,592.1,Redistribusi,-,1
1264,592.11,"Pendaftaran Pemilikan Dan Pengurusan",-,1
1265,592.12,"Penentuan Tanah Obyek Landreform",-,1
1266,592.13,"Pembagian Tanah Obyek Landreform",-,1
1267,592.14,"Sengketa Redistribusi Tanah Obyek Landreform",-,1
1268,592.2,"Ganti Rugi",-,1
1269,592.21,"Ganti Rugi Tanah Kelebihan","Meliputi : Sengketa Ganti Rugi Tanah Kelebihan Tanah",1
1270,592.22,"Ganti Rugi Tanah Absentee","Meliputi : Sengketa Ganti Rugi Tanah Absentee",1
1271,592.23,"Ganti Rugi Tanah Partikelir","Meliputi : Sengketa Ganti Rugi Tanah Partikelir",1
1272,592.3,"Bagi Hasil",-,1
1273,592.31,"Penetapan Imbangan Bagi Hasil",-,1
1274,592.32,"Pelaksanaan Perjanjian Bagi Hasil",-,1
1275,592.33,"Sengketa Perjanjian Bagi Hasil",-,1
1276,592.4,"Gadai Tanah",-,1
1277,592.41,"Pendaftaran Pemilikan Dan Pengurusan",-,1
1278,592.42,"Pelaksanaan Gadai Tanah",-,1
1279,592.43,"Sengketa Gadai Tanah",-,1
1280,592.5,"Bimbingan dan Penyuluhan",-,1
1281,592.6,Pengembangan,-,1
1282,592.7,"Yayasan Dana Landreform",-,1
1283,593,"Pengurusan Hak-Hak Tanah",-,1
1284,593.01,"Penyusunan Program Dan Bimbingan Teknis",-,1
1285,593.1,"Sewa Tanah",-,1
1286,593.11,"Sewa Tanah Untuk Tanaman Tertentu, Tebu, Tembakau, Rosela, Chorcorus",-,1
1287,593.2,"Hak Milik",-,1
1288,593.21,Perorangan,-,1
1289,593.22,"Badan Hukum",-,1
1290,593.3,"Hak Pakai",-,1
1291,593.31,Perorangan,-,1
1292,593.311,"Warga Negara Indonesia",-,1
1293,593.312,"Warga Negara Asing",-,1
1294,593.32,"Badan Hukum",-,1
1295,593.321,"Badan Hukum Indonesia",-,1
1296,593.322,"Badan Hukum Asing, Kedutaan, Konsulat Kantor Dagang Asing",-,1
1297,593.33,"Tanah Gedung-Gedung Negara",-,1
1298,593.4,"Guna Usaha",-,1
1299,593.41,"Perkebunan Besar",-,1
1300,593.42,"Perkebunan Rakyat",-,1
1301,593.43,Peternakan,-,1
1302,593.44,Perikanan,-,1
1303,593.45,Kehutanan,-,1
1304,593.5,"Hak Guna Bangunan",-,1
1305,593.51,Perorangan,-,1
1306,593.52,"Badan Hukum",-,1
1307,593.53,"P3MB (Panitia Pelaksana Penguasaan Milik Belanda)",-,1
1308,593.54,"Badan Hukum Asing Belanda-Prrk No 5165",-,1
1309,593.55,"Pemulihan Hak (Pen Pres 4/1960)",-,1
1310,593.6,"Hak Pengelolaan",-,1
1311,593.61,"PN Perumnas, Bonded Ware House, Industrial Estate, Real Estate",-,1
1312,593.62,"Perusahaan Daerah Pembangunan Perumahan",-,1
1313,593.7,"Sengketa Tanah",-,1
1314,593.71,"Peradilan Perkara Tanah",-,1
1315,593.8,"Pencabutan dan Pembebasan Tanah",-,1
1316,593.81,"Pencabutan Hak",-,1
1317,593.82,"Pembebasan Tanah",-,1
1318,593.83,"Ganti Rugi Tanah",-,1
1319,594,"Pendaftaran Tanah",-,1
1320,594.1,"Pengukuran / Pemetaan",-,1
1321,594.11,Fotogrametri,-,1
1322,594.12,Terristris,-,1
1323,594.13,Triangulasi,-,1
1324,594.14,Peralatan,-,1
1325,594.2,"Dana Pengukuran (Permen Agraria No. 61/1965)",-,1
1326,594.3,Sertifikat,-,1
1327,594.4,"Pejabat Pembuat Akta Tanah (PPAT)",-,1
1328,595,"Lahan Transmigrasi",-,1
1329,595.1,"Tataguna Tanah",-,1
1330,595.2,Landreform,-,1
1331,595.3,"Pengurusan Hak-Hak Tanah",-,1
1332,595.4,"Pendaftaran Tanah",-,1
1333,596,-,-,1
1334,597,-,-,1
1335,598,-,-,1
1336,599,-,-,1
1337,600,"PEKERJAAN UMUM DAN KETENAGAKERJAAN",-,1
1338,601,"Tata Bangunan Konstruksi Dan Industri Konstruksi",-,1
1339,602,"Kontraktor Pemborong",-,1
1340,602.1,Tender,-,1
1341,602.2,Pennunjukan,-,1
1342,602.3,Prakualifikasi,-,1
1343,602.31,"Daftar Rekanan Mampu (DRM)",-,1
1344,602.32,"Tanda Daftar Rekanan",-,1
1345,603,Arsitektur,-,1
1346,604,"Bahan Bangunan",-,1
1347,604.1,"Tanah Dan Batu Seperti: Batu Belah, Steen Slaag, Split dsb",-,1
1348,604.2,"Aspal, Aspal Buatan, Aspal Alam (butas)",-,1
1349,604.3,"Besi Dan Logam Lainnya",-,1
1350,604.31,"Besi Beton",-,1
1351,604.32,"Besi Profil",-,1
1352,604.33,Paku,-,1
1353,604.34,"Alumunium, Profil",-,1
1354,604.4,"Bahan-Bahan Pelindung Dan Pengawet ","(Cat, Tech Til, Pengawet Kayu)",1
1355,604.5,Semen,-,1
1356,604.6,Kayu,-,1
1357,604.7,"Bahan Penutup Atap ","(Genting, Asbes Gelombang, Seng Dan Sebagainya)",1
1358,604.8,"Alat-Alat Penggantung Dan Pengunci",-,1
1359,604.9,"Bahan-Bahan Bangunan Lainnya",-,1
1360,605,Instalasi,-,1
1361,605.1,"Instalasi Bangunan",-,1
1362,605.2,"Instalasi Listrik",-,1
1363,605.3,"Instalasi Air Sanitasi",-,1
1364,605.4,"Instalasi Pengatur Udara",-,1
1365,605.5,"Instalasi Akustik",-,1
1366,605.6,"Instalasi Cahaya / Penerangan",-,1
1367,606,"Konstruksi Pencegahan",-,1
1368,606.1,"Konstruksi Pencegahan Terhadap Kebakaran",-,1
1369,606.2,"Konstruksi Pencegahan Terhadap Gempa",-,1
1370,606.3,"Konstruksi Penegahan Terhadap Angin Udara/Panas",-,1
1371,606.4,"Konstruksi Pencegahan Terhadap Kegaduhan",-,1
1372,606.5,"Konstruksi Pencegahan Terhadap Gas/Explosive",-,1
1373,606.6,"Konstruksi Pencegahan Terhadap Serangga",-,1
1374,606.7,"Konstruksi Pencegahan Terhadap Radiasi Atom",-,1
1375,607,-,-,1
1376,608,-,-,1
1377,609,-,-,1
1378,610,PENGAIRAN,-,1
1379,611,Irigasi,-,1
1380,611.1,"Bangunan Waduk",-,1
1381,611.11,Bendungan,-,1
1382,611.12,Tanggul,-,1
1383,611.13,"Pelimpahan Banjir",-,1
1384,611.14,"Menara Pengambilan",-,1
1385,611.2,"Bangunan Pengambilan",-,1
1386,611.21,Bendungan,-,1
1387,611.22,"Bendungan Dengan Pintu Bilas",-,1
1388,611.23,"Bendungan Dengan Pompa",-,1
1389,611.24,"Pengambilan Bebas",-,1
1390,611.25,"Pengambilan Bebas Dengan Pompa",-,1
1391,611.26,"Sumur Dengan Pompa",-,1
1392,611.27,"Kantung Lumpur",-,1
1393,611.28,"Slit Ekstrator",-,1
1394,611.29,"Escope Channel",-,1
1395,611.3,"Bangunan Pembawa",-,1
1396,611.31,Saluran,-,1
1397,611.311,"Saluran Induk",-,1
1398,611.312,"Saluran Sekunder",-,1
1399,611.313,Suplesi,-,1
1400,611.314,Tersier,-,1
1401,611.315,"Saluran Kwarter",-,1
1402,611.316,"Saluran Pasangan",-,1
1403,611.317,"Saluran Tertutup / Terowongan",-,1
1404,611.32,Bangunan,-,1
1405,611.321,"Bangunan Bagi",-,1
1406,611.322,"Bangunan Bagi Dan Sadap",-,1
1407,611.323,"Bangunan Sadap",-,1
1408,611.324,"Bangunan Check",-,1
1409,611.325,"Bangunan Terjun",-,1
1410,611.33,"Box Tersier",-,1
1411,611.34,"Got Miring",-,1
1412,611.35,Talang,-,1
1413,611.36,Syphon,-,1
1414,611.37,Gorong-Gorong,-,1
1415,611.38,"Pelimpah Samping",-,1
1416,611.4,"Bangunan Pembuang",-,1
1417,611.41,Saluran,-,1
1418,611.411,"Saluran Pembuang Induk",-,1
1419,611.412,"Saluran Pembuang Sekunder",-,1
1420,611.413,"Saluran Tersier",-,1
1421,611.42,Bangunan,-,1
1422,611.421,"Bangunan Outlet",-,1
1423,611.422,"Bangunan Terjun",-,1
1424,611.423,"Bangunan Penahan Banjir",-,1
1425,611.43,"Gorong-Gorong Pembuang",-,1
1426,611.44,"Talang Pembuang",-,1
1427,611.45,"Syphon Pembuang",-,1
1428,611.5,"Bangunan Lainnya",-,1
1429,611.51,Jalan,-,1
1430,611.511,"Jalan Inspeksi",-,1
1431,611.512,"Jalan Logistik Waduk Lapangan",-,1
1432,611.52,Jembatan,-,1
1433,611.521,"Jembatan Inspeksi",-,1
1434,611.522,"Jembatan Hewan",-,1
1435,611.53,"Tangga Cuci",-,1
1436,611.54,"Kubangan Kerbau",-,1
1437,611.55,"Waduk Lapangan",-,1
1438,611.56,"Bangunan Penunjang",-,1
1439,611.57,"Jaringan Telepon",-,1
1440,611.58,"Stasiun Agro",-,1
1441,612,Folder,-,1
1442,612.1,"Tanggul Keliling",-,1
1443,612.11,Tanggul,-,1
1444,612.12,"Bangunan Penutup Sungai",-,1
1445,612.13,Jembatan,-,1
1446,612.2,"Bangunan Pembawa",-,1
1447,612.21,Saluran,-,1
1448,612.211,"Saluran Muka",-,1
1449,612.212,"Saluran Pembawa Waduk",-,1
1450,612.213,"Saluran Pembawa Sekunder",-,1
1451,612.22,"Stasiun Pompa Pemasukan",-,1
1452,612.23,"Bangunan Bagi",-,1
1453,612.24,Gorong-Gorong,-,1
1454,612.25,Syphon,-,1
1455,612.3,"Bangunan Pembuang",-,1
1456,612.31,"Stasiun Pompa Pembuang",-,1
1457,612.32,Saluran,-,1
1458,612.321,"Saluran Pembuang Induk",-,1
1459,612.322,"Saluran Pembuang Sekunder",-,1
1460,612.33,"Pintu Air Pembuangan",-,1
1461,612.34,"Gorong-Gorong Pembuangan",-,1
1462,612.35,"Syphon Pembuangan",-,1
1463,612.4,"Bangunan Lainnya",-,1
1464,612.41,Bangunan,-,1
1465,612.411,"Bangunan Pengukur Air",-,1
1466,612.412,"Bangunan Pengukur Curah Hujan",-,1
1467,612.413,"Bangunan Gudang Stasiun Pompa",-,1
1468,612.414,"Bangunan Listrik Stasiun Pompa",-,1
1469,612.42,"Rumah Petugas Aksploitasi",-,1
1470,613,"Pasang Surut",-,1
1471,613.1,"Bangunan Pembawa",-,1
1472,613.11,Saluran,-,1
1473,613.111,"Saluran Pembawa Induk",-,1
1474,613.112,"Saluran Pembawa Sekunder",-,1
1475,613.113,"Saluran Pembawa Tersier",-,1
1476,613.114,"Saluran penyimpanan air",-,1
1477,613.12,"Bangunan Pintu Pemasukan",-,1
1478,613.2,"Bangunan Pembuang",-,1
1479,613.21,Saluran,-,1
1480,613.211,"Saluran Pembuang Induk",-,1
1481,613.212,"Saluran Pembuang Sekunder",-,1
1482,613.213,"Saluran Pembuang Tersier",-,1
1483,613.214,"Saluran Pengumpul Air",-,1
1484,613.22,"Bangunan Pintu Pembuang",-,1
1485,613.3,"Bangunan Lainnya",-,1
1486,613.31,"Kolam Pasang",-,1
1487,613.32,Saluran,-,1
1488,613.321,"Saluran Lalu Lintas",-,1
1489,613.322,"Saluran Muka",-,1
1490,613.33,Bangunan,-,1
1491,613.331,"Bangunan Penangkis Kotoran",-,1
1492,613.332,"Bangunan Pengukur Muka Air",-,1
1493,613.333,"Bangunan Pengukur Curah Hujan",-,1
1494,613.34,Jalan,-,1
1495,613.35,Jembatan,-,1
1496,614,"Pengendalian Sungai",-,1
1497,614.1,"Bangunan Pengaman",-,1
1498,614.11,"Tanggul Banjir",-,1
1499,614.12,"Pintu Pengatur Banjir",-,1
1500,614.13,"Klep Pengatur Banjir",-,1
1501,614.14,"Tembok Pengaman Talud",-,1
1502,614.15,Krib,-,1
1503,614.16,"Kantung Lumpur",-,1
1504,614.17,Check-Dam,-,1
1505,614.18,Syphon,-,1
1506,614.2,"Saluran Pengaman",-,1
1507,614.21,"Saluran Banjir",-,1
1508,614.22,"Saluran Drainage",-,1
1509,614.23,Corepure,-,1
1510,614.3,"Bangunan Lainnya",-,1
1511,614.31,"Warning System",-,1
1512,614.32,Stasiun,-,1
1513,614.321,"Stasiun Pengukur Curah Hujan",-,1
1514,614.322,"Stasiun Pengukur Air",-,1
1515,614.323,"Stasiun Pengukur Cuaca",-,1
1516,614.324,"Stasiun Pos Penjagaan",-,1
1517,615,"Pengamanan Pantai",-,1
1518,615.1,Tanggul,-,1
1519,615.2,Krib,-,1
1520,615.3,"Bangunan Lainnya",-,1
1521,616,"Air Tanah",-,1
1522,616.1,"Stasiun Pompa",-,1
1523,616.2,"Bangunan Pembawa",-,1
1524,616.3,"Bangunan Pembuang",-,1
1525,616.4,"Bangunan Lainnya",-,1
1526,617,-,-,1
1527,618,-,-,1
1528,619,-,-,1
1529,620,JALAN,-,1
1530,621,"Jalan Kota",-,1
1531,621.1,"Daerah Penguasaan",-,1
1532,621.11,Tanah,-,1
1533,621.12,Tanaman,-,1
1534,621.13,Bangunan,-,1
1535,621.2,"Bangunan Sementara",-,1
1536,621.21,"Jalan Sementara",-,1
1537,621.22,"Jembatan Sementara",-,1
1538,621.23,"Kantor Proyek",-,1
1539,621.24,"Gedung Proyek",-,1
1540,621.25,"Barak Kerja",-,1
1541,621.26,"Laboratorium Lapangan",-,1
1542,621.27,Rumah,-,1
1543,621.3,"Badan Jalan",-,1
1544,621.31,"Pekerjaan Tanah (Earth Work)",-,1
1545,621.32,Stabilisasi,-,1
1546,621.4,Perkerasan,-,1
1547,621.41,"Lapis Pondasi Bawah",-,1
1548,621.42,"Lapis Pondasi",-,1
1549,621.43,"Lapis Permukaan",-,1
1550,621.5,Drainage,-,1
1551,621.51,"Parit Tanah",-,1
1552,621.52,"Gorong-Gorong (Culvert)",-,1
1553,621.6,"Buku Trotuir",-,1
1554,621.61,Tanah,-,1
1555,621.62,Perkerasan,-,1
1556,621.63,Pasangan,-,1
1557,621.7,Median,-,1
1558,621.71,Tanah,-,1
1559,621.72,Tanaman,-,1
1560,621.73,Perkerasan,-,1
1561,621.74,Pasangan,-,1
1562,621.8,"Daerah Samping",-,1
1563,621.81,Tanaman,-,1
1564,621.82,Pagar,-,1
1565,621.9,"Bangunan Pelengkap Dan Pengamanan",-,1
1566,621.91,"Rambu-Rambu/Tanda-Tanda Lalu Lintas",-,1
1567,621.92,"Lampu Penerangan",-,1
1568,621.93,"Lampu Pengatur Lalu Lintas",-,1
1569,621.94,"Patok-Patok KM",-,1
1570,621.95,"Patok-Patok ROW (Sempadan)",-,1
1571,621.96,"Rel Pengamanan",-,1
1572,621.97,Pagar,-,1
1573,621.98,"Turap Penahan",-,1
1574,621.99,Bronjong,-,1
1575,622,"Jalan Luar Kota",-,1
1576,622.1,"Daerah Penguasaan",-,1
1577,622.11,Tanah,-,1
1578,622.12,Tanaman,-,1
1579,622.13,Bangunan,-,1
1580,622.2,"Bangunan Sementara",-,1
1581,622.21,"Jalan Sementara",-,1
1582,622.22,"Jembatan Sementara",-,1
1583,622.23,"Kantor Proyek",-,1
1584,622.24,"Gudang Proyek",-,1
1585,622.25,"Barak Kerja",-,1
1586,622.26,"Laboratorium Lapangan",-,1
1587,622.27,Rumah,-,1
1588,622.3,"Badan Jalan",-,1
1589,622.31,"Pekerjaan Tanah (Earth Work)",-,1
1590,622.32,Stabilisasi,-,1
1591,622.4,Perkerasan,-,1
1592,622.41,"Lapis Pondasi Bawah",-,1
1593,622.42,"Lapis Pondasi",-,1
1594,622.43,"Lapis Permukaan",-,1
1595,622.5,Drainage,-,1
1596,622.51,Parit,-,1
1597,622.52,"Gorong-Gorong (Culvert)",-,1
1598,622.53,"Sub Drainage",-,1
1599,622.6,Trotoar,-,1
1600,622.61,Tanah,-,1
1601,622.62,Perkerasan,-,1
1602,622.7,Median,-,1
1603,622.71,Tanah,-,1
1604,622.72,Tanaman,-,1
1605,622.73,Perkerasan,-,1
1606,622.74,Pasangan,-,1
1607,622.8,"Daerah Samping",-,1
1608,622.81,Tanaman,-,1
1609,622.82,Pagar,-,1
1610,622.9,"Bangunan Pelengkap Dan Pengamanan",-,1
1611,622.91,"Rambu-Rambu/Tanda-Tanda Lalu Lintas",-,1
1612,622.92,"Lampu Penerangan",-,1
1613,622.93,"Lampu Pengatur Lalu Lintas",-,1
1614,622.94,"Patok-Patok KM",-,1
1615,622.95,"Patok-Patok ROW (Sempadan)",-,1
1616,622.96,"Rel Pengamanan",-,1
1617,622.97,Pagar,-,1
1618,622.98,"Turap Penahan",-,1
1619,622.99,Bronjong,-,1
1620,623,-,-,1
1621,623,-,-,1
1622,623,-,-,1
1623,630,JEMBATAN,-,1
1624,631,"Jembatan Pada Jalan Kota",-,1
1625,631.1,"Daerah Penguasaan",-,1
1626,631.11,Tanah,-,1
1627,631.12,Tanaman,-,1
1628,631.13,Bangunan,-,1
1629,631.2,"Bangunan Sementara",-,1
1630,631.21,"Jalan Sementara",-,1
1631,631.22,"Jembatan Sementara",-,1
1632,631.23,"Kantor Proyek",-,1
1633,631.24,"Gudang Proyek",-,1
1634,631.25,"Barak Kerja",-,1
1635,631.26,"Laboratorium Lapangan",-,1
1636,631.27,Rumah,-,1
1637,631.3,"Pekerjaan Tanah (Earth Work)",-,1
1638,631.31,"Galian Tanah",-,1
1639,631.32,"Timbunan Tanah",-,1
1640,631.4,Pondasi,-,1
1641,631.41,"Pondasi Kepala Jalan",-,1
1642,631.42,"Pondasi Pilar",-,1
1643,631.43,Angker,-,1
1644,631.5,"Bangunan Bawah",-,1
1645,631.51,"Kepala Jembatan",-,1
1646,631.52,Pilar,-,1
1647,631.53,Piloon,-,1
1648,631.54,Landasan,-,1
1649,631.6,Bangunan,-,1
1650,631.61,Gelagar,-,1
1651,631.62,Lantai,-,1
1652,631.63,Perkerasan,-,1
1653,631.64,"Jalan Orang / Trotoar",-,1
1654,631.65,Sandaran,-,1
1655,631.66,"Talang air",-,1
1656,631.7,"Bangunan / Pengaman",-,1
1657,631.71,"Turap Penahan",-,1
1658,631.72,Bronjong,-,1
1659,631.73,,-,1
1660,631.74,"Kist Dam",-,1
1661,631.75,Corepure,-,1
1662,631.76,Krib,-,1
1663,631.8,"Bangunan Pelengkap",-,1
1664,631.81,"Rambu-Rambu/Tanda-Tanda Lalu Lintas",-,1
1665,631.82,"Lampu Penerangan",-,1
1666,631.83,"Lampu Pengatur Lalu Lintas",-,1
1667,631.84,"Patok Pengaman",-,1
1668,631.85,"Patok ROW (Sempadan)",-,1
1669,631.86,Pagar,-,1
1670,631.9,Oprit,-,1
1671,631.91,Badan,-,1
1672,631.92,Perkerasan,-,1
1673,631.93,Drainage,-,1
1674,631.94,Baku,-,1
1675,631.95,Median,-,1
1676,632,"Jembatan Pada Jalan Luar Kota",-,1
1677,632.1,"Daerah Penguasaan",-,1
1678,632.11,Tanah,-,1
1679,632.12,Tanaman,-,1
1680,632.13,Bangunan,-,1
1681,632.2,"Bangunan Sementara",-,1
1682,632.21,"Jalan Sementara",-,1
1683,632.22,"Jembatan Sementara",-,1
1684,632.23,"Kantor Proyek",-,1
1685,632.24,"Gudang Proyek",-,1
1686,632.25,"Barak Kerja",-,1
1687,632.26,"Laboratorium Lapangan",-,1
1688,632.27,Rumah,-,1
1689,632.3,"Pekerjaan Tanah (Earth Work)",-,1
1690,632.31,"Galian Tanah",-,1
1691,632.32,"Timnunan Tanah",-,1
1692,632.4,Pondasi,-,1
1693,632.41,"Pondasi Kepala Jembatan",-,1
1694,632.42,"Pondasi Pilar",-,1
1695,632.43,"Pondasi Angker",-,1
1696,632.5,"Bangunan Bawah",-,1
1697,632.51,"Kepala Jembatan",-,1
1698,632.52,Pilar,-,1
1699,632.53,Piloon,-,1
1700,632.54,Landasan,-,1
1701,632.6,"Bangunan Atas",-,1
1702,632.61,Gelagar,-,1
1703,632.62,Lantai,-,1
1704,632.63,Perkerasan,-,1
1705,632.64,"Jalan Orang / Trotoar",-,1
1706,632.65,Sandaran,-,1
1707,632.66,"Talang Air",-,1
1708,632.7,"Bangunan Pengaman",-,1
1709,632.71,"Turap / Penahan",-,1
1710,632.72,Bronjong,-,1
1711,632.73,"Stek Dam",-,1
1712,632.74,"Kist Dam",-,1
1713,632.75,Corepure,-,1
1714,632.76,Krib,-,1
1715,632.8,"Bangunan Pelengkap",-,1
1716,632.81,"Rambu-Rambu/Tanda-Tanda Lalu Lintas",-,1
1717,632.82,"Lampu Penerangan",-,1
1718,632.83,"Lampu Pengatur Lalu Lintas",-,1
1719,632.84,"Patok Pengaman",-,1
1720,632.85,"Patok ROW (Sempadan)",-,1
1721,632.86,Pagar,-,1
1722,632.9,Oprit,-,1
1723,632.91,Badan,-,1
1724,632.92,Perkerasan,-,1
1725,632.93,Drainage,-,1
1726,632.94,Baku,-,1
1727,632.95,Median,-,1
1728,633,-,-,1
1729,634,-,-,1
1730,635,-,-,1
1731,640,BANGUNAN,-,1
1732,640.1,"Gedung Pengadilan",-,1
1733,640.2,"Rumah Pejabat Negara",-,1
1734,640.3,"Gedung DPR",-,1
1735,640.4,"Gedung Balai Kota",-,1
1736,640.5,Penjara,-,1
1737,640.6,Perkantoran,-,1
1738,642,"Bangunan Pendidikan",-,1
1739,642.1,"Taman Kanak-Kanak",-,1
1740,642.2,"SD & SEKOLAH MENENGAH",-,1
1741,642.3,"Perguruan Tinggi",-,1
1742,643,"Bangunan Rekreasi",-,1
1743,643.1,"BANGUNAN OLAH RAGA",-,1
1744,643.2,"Gedung Kesenian",-,1
1745,643.3,"Gedung Pemancar",-,1
1746,644,"Bangunan Perdagangan",-,1
1747,644.1,"Pusat Perbelanjaan",-,1
1748,644.2,"Gedung Perdagangan",-,1
1749,644.3,Bank,-,1
1750,644.4,Pekantoran,-,1
1751,645,"Bangunan Pelayanan Umum",-,1
1752,645.1,MCK,-,1
1753,645.2,"Gedung Parkir",-,1
1754,645.3,"Rumah Sakit",-,1
1755,645.4,"Gedung Telkom",-,1
1756,645.5,"Terminal Angkutan udara",-,1
1757,645.6,"Terminal Angkutan udara",-,1
1758,645.7,"Terminal Angkutan Darat",-,1
1759,645.8,"Bangunan Keagamaan",-,1
1760,646,"Bangunan Peninggalan Sejarah",-,1
1761,646.1,Monumen,-,1
1762,646.2,Candi,-,1
1763,646.3,Keraton,-,1
1764,646.4,"Rumah Tradisional",-,1
1765,647,"Bangunan Industri",-,1
1766,648,"Bangunan Tempat Tinggal",-,1
1767,648.1,"Rumah Perkotaan",-,1
1768,648.11,"Inti / Sederhana",-,1
1769,648.12,"Sedang / Mewah",-,1
1770,648.2,"Rumah Pedesaan",-,1
1771,648.21,"Rumah Contoh",-,1
1772,648.3,"Real Estate",-,1
1773,648.4,Bapetarum,-,1
1774,649,"Elemen Bangunan",-,1
1775,649.1,Pondasi,-,1
1776,649.11,"Di Atas Tiang",-,1
1777,649.2,Dinding,-,1
1778,649.21,"Penahan Beban",-,1
1779,649.22,"Tidak Menahan Beban",-,1
1780,649.3,Atap,-,1
1781,649.4,"Lantai / Langit-Langit",-,1
1782,649.41,Supended,-,1
1783,649.42,Solit,-,1
1784,649.5,"Pintu / Jendela",-,1
1785,649.51,"Pintu Harmonik",-,1
1786,649.52,"Pintu Biasa",-,1
1787,649.53,"Pintu Sorong",-,1
1788,649.54,"Pintu Kayu",-,1
1789,649.55,"Jendela Sorong",-,1
1790,649.56,"Jendela Vertikal",-,1
1791,650,"TATA KOTA",-,1
1792,651,"Daerah Perdagangan / Pelabuhan",-,1
1793,651.1,"Daerah Pusat Perbelanjaan",-,1
1794,651.2,"Daerah Perkotaan",-,1
1795,652,"Daerah Pemerintah",-,1
1796,653,"Daerah Perumahan",-,1
1797,653.1,"Kepadatan Rendah",-,1
1798,653.2,"Kepadatan Tinggi",-,1
1799,654,"Daerah Industri",-,1
1800,654.1,"Industri Berat",-,1
1801,654.2,"Industri Ringan",-,1
1802,654.3,"Industri Ringan (Home Industry)",-,1
1803,655,"Daerah Rekreasi",-,1
1804,655.1,"Public Garden",-,1
1805,655.2,"Sport & Playing Fields",-,1
1806,655.3,"Open Space",-,1
1807,656,"Transportasi (Tata Letak)",-,1
1808,656.1,"Jaringan Jalan",-,1
1809,656.11,"Penerangan Jalan",-,1
1810,656.2,"Jaringan Kereta Api",-,1
1811,656.3,"Jaringan Sungai",-,1
1812,657,Assaineering,-,1
1813,657.1,"Saluran Pengumpulan",-,1
1814,657.2,"Instalasi Pengolahan",-,1
1815,657.21,Bangunan,-,1
1816,657.211,"Bangunan Penyaringan",-,1
1817,657.212,"Bangunan Penghancur Kotoran / Sampah",-,1
1818,657.213,"Bangunan Pengendap",-,1
1819,657.214,"Bangunan Pengering Lumpur",-,1
1820,657.22,"Unit Densifektan",-,1
1821,657.23,"Unit Perpompaan",-,1
1822,658,"Kesehatan Lingkungan",-,1
1823,658.1,Persampahan,-,1
1824,658.11,"Bangunan Pengumpul",-,1
1825,658.12,"Bangunan Pemusnahan",-,1
1826,658.2,"Pengotoran Udara",-,1
1827,658.3,"pengotoran Air",-,1
1828,658.31,"Air Buangan Industri Limbah",-,1
1829,658.4,Kegaduhan,-,1
1830,658.5,"Kebersihan Kota",-,1
1831,659,-,-,1
1832,660,"TATA LINGKUNGAN",-,1
1833,660.1,Persampahan,-,1
1834,660.2,"Kebersihan Lingkungan",-,1
1835,660.3,Pencemaran,-,1
1836,660.31,"Pecemaran Air",-,1
1837,660.32,"Pencemaran Udara",-,1
1838,661,"Daerah Hutan",-,1
1839,662,"Daerah Pertanian",-,1
1840,663,"Daerah Pemikiman",-,1
1841,664,"Pusat Pertumbuhan",-,1
1842,665,Transportasi,-,1
1843,665.1,"Jaringan Jalan",-,1
1844,665.2,"Jaringan Kereta Api",-,1
1845,665.3,"Jaringan Sungai",-,1
1846,666,-,-,1
1847,667,-,-,1
1848,668,-,-,1
1849,670,KETENAGAAN,-,1
1850,671,Listrik,-,1
1851,671.1,Kelistrikan,-,1
1852,671.11,"Kelisrikan PLN",-,1
1853,671.12,"Kelistrikan Non PLN",-,1
1854,671.2,"Pembangkit Tenaga Listrik",-,1
1855,671.21,"PLTA  ( Pembangkit  Listrik Tenaga Air )",-,1
1856,671.22,"PLTD  ( Pembangkit Listrik Tenaga Diesel )",-,1
1857,671.23,"PLTG P ( Pembangkit Listrik Tenaga Gas )",-,1
1858,671.24,"PLTM ( Pembangkit  Listrik Tenaga Matahari )",-,1
1859,671.25,"PLTN ( Pembangkit Listrik Tenaga Nuklir )",-,1
1860,671.26,"PLTPB ( Pembangkit Listrik Tenaga Uap )",-,1
1861,671.3,"Transmisi Tenaga Listrik",-,1
1862,671.31,"Gardu Induk/Gardu Penghubung/Gardu Trafo",-,1
1863,671.32,"Saluran Udara Tegangan Tinggi",-,1
1864,671.33,"Kabel Bawah Tanah",-,1
1865,671.4,"Distribusi Tenaga Listrik",-,1
1866,671.41,"Gardu Distribusi",-,1
1867,671.42,"Tegangan Rendah",-,1
1868,671.43,"Tegangan Menengah",-,1
1869,671.44,"Jaringan Bawah Tanah",-,1
1870,671.5,"Pengusahaan Listrik",-,1
1871,671.51,"Sambungan Listrik",-,1
1872,671.52,"Penjualan Tenaga Listrik",-,1
1873,671.53,"Tarif Listrik",-,1
1874,672,"Tenaga Air",-,1
1875,673,"Tenaga Minyak",-,1
1876,674,"Tenaga Gas",-,1
1877,675,"Tenaga Matahari",-,1
1878,676,"Tenaga Nuklir",-,1
1879,677,"Tenaga Panas Bumi",-,1
1880,678,"Tenaga Uap",-,1
1881,679,"Tenaga Lainya",-,1
1882,680,PERALATAN,-,1
1883,681,-,-,1
1884,682,-,-,1
1885,683,-,-,1
1886,690,"AIR MINUM",-,1
1887,691,Intake,-,1
1888,691.1,Broncaptering,-,1
1889,691.2,Sumur,-,1
1890,691.3,Bendungan,-,1
1891,691.4,"Saringan (screen)",-,1
1892,691.5,"Pintu air",-,1
1893,691.6,"Saluran Pembawa",-,1
1894,691.7,"Alat Ukur",-,1
1895,691.8,Perpompaan,-,1
1896,692,"Transmisi Air Baku",-,1
1897,692.1,Perpipaan,-,1
1898,692.2,"Katup Udara (Air Relief)",-,1
1899,692.3,"Katup Penguras (Blow Off)",-,1
1900,692.4,"Bak Pelepas Tekanan",-,1
1901,692.5,"Jembatan Pipa",-,1
1902,692.6,Syphon,-,1
1903,693,"Instalasi Pengelolaan",-,1
1904,693.1,"Bangunan Ukur",-,1
1905,693.2,"Bangunan Aerasi",-,1
1906,693.3,"Bangunan Pengendapan",-,1
1907,693.4,"Bangunan Pembubuh Bahan Kimia",-,1
1908,693.5,"Bangunan Pengaduk",-,1
1909,693.6,"Bangunan Saringan",-,1
1910,693.7,Perpompaan,-,1
1911,693.8,"Clear Hell",-,1
1912,694,Distribusi,-,1
1913,694.1,"Reservoir Menara Bawah Tanah",-,1
1914,694.11,Menara,-,1
1915,694.12,"reservoir di Bawah Tanah",-,1
1916,694.2,Perpipaan,-,1
1917,694.3,Perpompaan,-,1
1918,694.4,"Jembatan Pipa",-,1
1919,694.5,Syphon,-,1
1920,694.6,Hydran,-,1
1921,694.61,"Hydran Umum",-,1
1922,694.62,"Hydran Kebakaran",-,1
1923,694.7,Katup,-,1
1924,694.71,"Katup Udara (Air Relief)",-,1
1925,694.72,"Katup Pelepas (Blow Off)",-,1
1926,694.8,"Bak Pelepas Tekanan",-,1
1927,695,-,-,1
1928,696,-,-,1
1929,697,-,-,1
1930,698,-,-,1
1931,699,-,-,1
1932,700,PENGAWASAN,-,1
1933,701,"Bidang Urusan Dalam",-,1
1934,702,"Bidang Peralatan",-,1
1935,703,"Bidang Kekayaan Daerah",-,1
1936,704,"Bidang Perpustakaan / Dokumentasi / Kearsipan Sandi",-,1
1937,705,"Bidang Perencanaan",-,1
1938,706,"Bidang Organisasi / Ketatalaksanaan",-,1
1939,707,"Bidang Penelitian",-,1
1940,708,"Bidang Konferensi",-,1
1941,709,"Bidang Perjalanan Dinas",-,1
1942,710,"BIDANG PEMERINTAHAN",-,1
1943,711,"Bidang Pemerintahan Pusat",-,1
1944,712,"Bidang Pemerintahan Provinsi",-,1
1945,713,"Bidang Pemerintahan Kabupaten / Kota",-,1
1946,714,"Bidang Pemerintahan Desa",-,1
1947,715,"Bidang MPR / DPR",-,1
1948,716,"Bidang DPRD Provinsi",-,1
1949,717,"Bidang DPRD Kabupaten / Kota",-,1
1950,718,"Bidang Hukum",-,1
1951,719,"Bidang Hubungan Luar Negeri",-,1
1952,720,"BIDANG POLITIK",-,1
1953,721,"Bidang Kepartaian",-,1
1954,722,"Bidang Organisasi Kemasyarakatan",-,1
1955,723,"Bidang Organisasi Profesi Dan Fungsional",-,1
1956,724,"Bidang Organisasi Pemuda",-,1
1957,725,"Bidang Organisasi Buruh, Tani, Dan Nelayan",-,1
1958,726,"Bidang Organisasi Wanita",-,1
1959,727,"Bidang Pemilihan Umum",-,1
1960,730,"BIDANG KEAMANAN/KETERTIBAN",-,1
1961,731,"Bidang Pertahanan",-,1
1962,732,"Bidang Kemiliteran",-,1
1963,733,"Bidang Perlindungan Masyarakat",-,1
1964,734,"Bidang Kemanan",-,1
1965,735,"bidang Kejahatan",-,1
1966,736,"Bidang Bencana",-,1
1967,737,"Bidang Kecelakaan",-,1
1968,738,-,-,1
1969,739,-,-,1
1970,740,"BIDANG KESEJAHTERAAN RAKYAT",-,1
1971,741,"Bidang Pembagunan Desa",-,1
1972,742,"Bidang Pendidikan",-,1
1973,743,"Bidang Kebudayaan",-,1
1974,744,"Bidang Kesehatan",-,1
1975,745,"Bidang Agama",-,1
1976,746,"Bidang Sosial",-,1
1977,747,"Bidang Kependudukan",-,1
1978,748,"Bidang Media Massa",-,1
1979,749,-,-,1
1980,750,"BIDANG PEREKONOMIAN",-,1
1981,751,"Bidang Perdagangan",-,1
1982,752,"Bidang Pertanian",-,1
1983,753,"Bidang Perindustrian",-,1
1984,754,"Bidang Pertambangan / Kesamudraan",-,1
1985,755,"Bidang Perhubungan",-,1
1986,756,"Bidang Tenaga Kerja",-,1
1987,757,"Bidang Permodalan",-,1
1988,758,"Bidang Perbankan / Moneter",-,1
1989,759,"Bidang Agraria",-,1
1990,760,"BIDANG PEKERJAAN UMUM",-,1
1991,761,"Bidang Pengairan",-,1
1992,762,"Bidang Jalan",-,1
1993,763,"Bidang Jembatan",-,1
1994,764,"Bidang Bangunan",-,1
1995,765,"Bidang Tata Kota",-,1
1996,766,"Bidang Lingkungan",-,1
1997,767,"Bidang Ketenagaan",-,1
1998,768,"Bidang Peralatan",-,1
1999,769,"Bidang Air Minum",-,1
2000,770,-,-,1
2001,771,-,-,1
2002,772,-,-,1
2003,780,"BIDANG KEPEGAWAIAN",-,1
2004,781,"Bidang Pengadaan Pegawai",-,1
2005,782,"Bidang Mutasi Pegawai",-,1
2006,783,"Bidang Kedudukan Pegawai",-,1
2007,784,"Bidang Kesejahteran Pegawai",-,1
2008,785,"Bidang Cuti",-,1
2009,786,"Bidang Penilaian",-,1
2010,787,"Bidang Tata Usaha Kepegawaian",-,1
2011,788,"Bidang Pemberhentian Pegawai",-,1
2012,789,"Bidang Pendidikan Pegawai",-,1
2013,790,"BIDANG KEUANGAN",-,1
2014,791,"Bidang Anggaran",-,1
2015,792,"Bidang Otorisasi",-,1
2016,793,"Bidang Verifikasi",-,1
2017,794,"Bidang Pembukuan",-,1
2018,795,"Bidang Perbendaharaan",-,1
2019,796,"Bidang Pembina Kebendaharaan",-,1
2020,797,"Bidang Pendapatan",-,1
2021,798,-,-,1
2022,799,"Bidang Bendaharaan",-,1
2023,800,KEPEGAWAIAN,"Klasifikasi Disini: Kebijaksanaan Kepegawaian",1
2024,800.1,Perencanaan,-,1
2025,800.2,Penelitian,-,1
2026,800.043,Pengaduan,-,1
2027,800.05,Tim,-,1
2028,800.07,Statistik,-,1
2029,800.08,"Peraturan Perundang-Undangan",-,1
2030,810,PENGADAAN,"Meliputi: Lamaran, Pengujian Kesehatan, Dan Pengangkatan Calon Pegawai",1
2031,811,Lamaran,-,1
2032,811.1,Testing,-,1
2033,811.2,Screening,-,1
2034,811.3,Panggilan,-,1
2035,812,"Pengujian Kesehatan",-,1
2036,813,"Pengangkatan Calon Pegawai",-,1
2037,813.1,"Pengangkatan Calon Pegawai Golongan 1",-,1
2038,813.2,"Pengangkatan Calon Pegawai Golongan II",-,1
2039,813.3,"Pengangkatan Calon Pegawai Golongan III",-,1
2040,813.4,"Pengangkatan Calon Pegawai Golongan IV",-,1
2041,813.5,"Pengangkatan Calon Guru Inpres",-,1
2042,814,"Pengangkatan Tenaga Lepas",-,1
2043,814.1,"Pengangkatan Tenaga Bulanan / Tenaga Kontrak",-,1
2044,814.2,"Pengangkatan Tenaga Harian",-,1
2045,814.3,"Pengangkatan Tenaga Pensiunan",-,1
2046,815,-,-,1
2047,816,-,-,1
2048,817,-,-,1
2049,820,MUTASI,"Meliputi: Pengangkatan, Kenaikan Gaji Berkala, Kenaikan Pangkat, Pemindahan, Pelimpahan Datasering, Tugas Belajar Dan Wajib Militer",1
2050,821,Pengangkatan,-,1
2051,821.1,"Pengangkatan Menjadi Pegawai Negeri Tetap",-,1
2052,821.11,"Pengangkatan Menjadi Pegawai Negeri Golongan 1",-,1
2053,821.12,"Pengangkatan Menjadi Pegawai Negeri Golongan 2",-,1
2054,821.13,"Pengangkatan Menjadi Pegawai Negeri Golongan 3",-,1
2055,821.14,"Pengangkatan Menjadi Pegawai Negeri Golongan 4",-,1
2056,821.15,"Pengangkatan Menjadi Pegawai Negeri Sipil Yang Cuti Di Luar Tanggungan Negara",-,1
2057,821.2,"Pengangkatan Dalam Jabatan, Pembebasan Dari Jabatan, Berita Acara Serah Terima Jabatan",-,1
2058,821.21,Sekjen/Dirjen/Irjen/Kabag,-,1
2059,821.22,"Kepala Biro/Direktur/Inspektur/Kepala Pusat/Sekretaris/Kepala Dinas/Asisten Sekwilda",-,1
2060,821.23,"Kepala Bagian/Kepala Sub Direktorat/Kepala Bidang/Inspektur Pembantu",-,1
2061,821.24,"Kepala Subbagian/Kepala Seksi/Kepala Sub Bidang/Pemeriksa",-,1
2062,821.25,"Residen/Pembantu Gubernur",-,1
2063,821.26,"Wedana/Pembantu Bupati",-,1
2064,821.27,Camat,-,1
2065,821.28,"Lurah Administratif (Lurah Desa)",-,1
2066,821.29,"Jabatan Lainnya",-,1
2067,822,"Kenaikan Gaji Berkala",-,1
2068,822.1,"Pegawai Golongan 1",-,1
2069,822.2,"Pegawai Golongan 2",-,1
2070,822.3,"Pegawai Golongan 3",-,1
2071,822.4,"Pegawai Golongan 4",-,1
2072,823,"Kenaikan Pangkat / Pengangkatan",-,1
2073,823.1,"Pegawai Golongan 1",-,1
2074,823.2,"Pegawai Golongan 2",-,1
2075,823.3,"Pegawai Golongan 3",-,1
2076,823.4,"Pegawai Golongan 4",-,1
2077,824,"Pemindahan / Pelimpahan / Perbantuan",-,1
2078,824.1,"Pegawai Golongan 1",-,1
2079,824.2,"Pegawai Golongan 2",-,1
2080,824.3,"Pegawai Golongan 3",-,1
2081,824.4,"Pegawai Golongan 4",-,1
2082,824.5,"Lolos Butuh",-,1
2083,824.6,"Kurikulum dan Silabi",-,1
2084,824.7,"Proposal (TOR)",-,1
2085,825,"Datasering dan Penempatan Kembali",-,1
2086,826,"Penunjukan Tugas Belajar",-,1
2087,826.1,"Dalam Negeri",-,1
2088,826.2,"Luar Negeri",-,1
2089,826.3,"Tunjangan Belajar",-,1
2090,826.4,"Penempatan Kembali",-,1
2091,827,"Wajib Militer",-,1
2092,828,"Mutasi Dengan Instansi Lain",-,1
2093,829,-,-,1
2094,830,KEDUDUKAN,"Meliputi: Perhitungan Masa Kerja, Penyesuaian Pangkat/Gaji, Penghargaan Ijasah, Dan Jenjang Pangkat",1
2095,831,"Perhitungan Masa Kerja",-,1
2096,832,"Penyesuaian Pangkat / Gaji",-,1
2097,832.1,"Pegawai Golongan 1",-,1
2098,832.2,"Pegawai Golongan 2",-,1
2099,832.3,"Pegawai Golongan 3",-,1
2100,832.4,"Pegawai Golongan 4",-,1
2101,833,"Penghargaan Ijazah / Penyesuaian",-,1
2102,834,"Jenjang Pangkat / Eselonering",-,1
2103,835,-,-,1
2104,836,-,-,1
2105,837,-,-,1
2106,840,"KESEJAHTERAAN PEGAWAI","Meliputi: Tunjangan, Dana, Perawatan Kesehatan, Koperasi, Distribusi, Permahan/Tanah, Bantuan Sosial, Rekreasi Dan Dispensasi.",1
2107,841,Tunjangan,-,1
2108,841.1,Jabatan,-,1
2109,841.2,Kehormatan,-,1
2110,841.3,"Kematian/Uang Duka",-,1
2111,841.4,"Tunjangan Hari Raya",-,1
2112,841.5,"Perjalanan Dinas Tetap/Cuti/Pindah",-,1
2113,841.6,Keluarga,-,1
2114,841.7,"Sandang, Pangan, Papan (Bapertarum)",-,1
2115,842,Dana,-,1
2116,842.1,Taspen,-,1
2117,842.2,Kesehatan,-,1
2118,842.3,Asuransi,-,1
2119,843,"Perawatan Kesehatan",-,1
2120,843.1,Poliklinik,-,1
2121,843.2,"Perawatan Dokter",-,1
2122,843.3,Obat-Obatan,-,1
2123,843.4,"Keluarga Berencana",-,1
2124,844,"Koperasi / Distribusi",-,1
2125,844.1,"Distribusi Pangan",-,1
2126,844.2,"Distribusi Sandang",-,1
2127,844.3,"Distribusi Papan",-,1
2128,845,Perumahan/Tanah,-,1
2129,845.1,"Perumahan Pegawai",-,1
2130,845.2,"Tanah Kapling",-,1
2131,845.3,Losmen/Hotel,-,1
2132,846,"Bantuan Sosial",-,1
2133,846.1,"Bantuan Kebakaran",-,1
2134,846.2,"Bantuan Kebanjiran",-,1
2135,847,-,-,1
2136,848,-,-,1
2137,849,-,-,1
2138,850,"CUTI ","Meliputi Cuti Tahunan, Cuti Besar, Cuti Sakit, Cuti Hamil, Cuti Naik Haji, Cuti Diluar Tanggungan Negara Dan Cuti Alasan Lain",1
2139,851,"Cuti Tahunan",-,1
2140,852,"Cuti Besar",-,1
2141,853,"Cuti Sakit",-,1
2142,854,"Cuti Hamil",-,1
2143,855,"Cuti Naik Haji/Umroh",-,1
2144,856,"Cuti Di Luar Tangungan Neagara",-,1
2145,857,"Cuti Alasan Lain/Alasan Penting",-,1
2146,858,-,-,1
2147,859,-,-,1
2148,860,PENILAIAN,"Meliputi: Penghargaan, Hukuman, Konduite, Ujian Dinas,Penilaian Kakayaan Pribadi Dan Rehabilitasi",1
2149,861,Penghargaan,-,1
2150,861.1,Bintang/Satyalencana,-,1
2151,861.2,"Kenaikan Pangkat Anumerta",-,1
2152,861.3,"Kenaikan Gaji Istimewa",-,1
2153,861.4,"Hadiah Berupa Uang",-,1
2154,861.5,"Pegawai Teladan",-,1
2155,862,Hukuman,-,1
2156,862.1,"Teguran Peringatan",-,1
2157,862.2,"Penundaan Kenaikan Gaji",-,1
2158,862.3,"Penurunan Pangkat",-,1
2159,862.4,Pemindahan,"Catatan: Pemberhentian Untuk Sementara Waktu Dan Pemberhentian Tidak Dengan Hormat Lihat 887 Dan 888",1
2160,863,"Konduite, DP3, Disiplin Pegawai",-,1
2161,864,"Ujian Dinas",-,1
2162,864.1,"Tingkat 1",-,1
2163,864.2,"Tingkat 2",-,1
2164,864.3,"Tingkat 3",-,1
2165,865,"Penilaian Kehidupan Pegawai Negeri","Meliputi: Petunjuk Pelaksanaan Hidup Sederhana, Penilaian Kekayaan Pribadi ( LP2P )",1
2166,866,"Rehabilitasi / Pengaktifan Kembali",-,1
2167,867,-,-,1
2168,868,-,-,1
2169,869,-,-,1
2170,870,"TATA USAHA KEPEGAWAIAN","Meliputi: Formasi, Bezetting, Registrasi,Daftar, Riwayat Hidup, Hak, Penggajian, Sumpah,/Janji Dan Korps Pegawai",1
2171,871,Formasi,-,1
2172,872,"Bezetting/Daftar Urut Kepegawaian",-,1
2173,873,Registrasi,-,1
2174,873.1,NIP,-,1
2175,873.2,KARPEG,-,1
2176,873.3,"Legitiminasi/Tanda Pengenal",-,1
2177,873.4,"Daftar Keluarga, Perkawinan, Perceraian, Karis, Karsu",-,1
2178,874,"Daftar Riwayat Pekerjaan",-,1
2179,874.1,"Tanggal Lahir",-,1
2180,874.2,"Penggantian Nama",-,1
2181,874.3,"Izin kepartaian Organisasi",-,1
2182,875,"Kewenangan Mutasi Pegawai",-,1
2183,875.1,"Pelimpahan Wewenang",-,1
2184,875.2,"Specimen Tanda Tangan",-,1
2185,876,Penggajian,-,1
2186,876.1,SKPP,-,1
2187,877,Sumpah/Janji,-,1
2188,878,"Korps Pegawai",-,1
2189,879,-,-,1
2190,880,"PEMBERHENTIAN PEGAWAI","Meliputi Atas  Pemberhentian,Permintaan Sendiri, Dengan Hak Pensiun, Karena Meninggal Dunia, Alasan Lain, Dengan Diberi Uang Pesangon, Uang Tnggu Untuk Sementara Waktu Dan Pemberhentian Tidak Dengan  Hormat",1
2191,881,"Permintaan Sendiri",-,1
2192,882,"Dengan Hak Pensiun",-,1
2193,882.1,"Pemberhentian Dengan Hak Pensiun Pegawai Negeri Golongan 1",-,1
2194,882.2,"Pemberhentian Dengan Hak Pensiun Pegawai Negeri Golongan 2",-,1
2195,882.3,"Pemberhentian Dengan Hak Pensiun Pegawai Negeri Golongan 3",-,1
2196,882.4,"Pemberhentian Dengan Hak Pensiun Pegawai Negeri Golongan 4",-,1
2197,882.5,"Pensiun Janda / Duda",-,1
2198,882.6,"Pensiun Yatim Piatu",-,1
2199,882.7,"Uang Muka Pensiun",-,1
2200,883,"Karena Meninggal",-,1
2201,883.1,"Karena Meninggal Dalam Tugas",-,1
2202,884,"Alasan Lain",-,1
2203,885,"Uang Pesangon",-,1
2204,886,"Uang Tunggu",-,1
2205,887,"Untuk Sementara Waktu",-,1
2206,888,"Tidak Dengan Hormat",-,1
2207,889,-,-,1
2208,890,"PENDIDIKAN PEGAWAI","Meliputi: Perencanaan, Pendidikan Reguler, Pendidikan Non-Reguler, Pendidikan Ke Luar Negeri, Metode, Tenaga Pengajar, Administrasi Pendidikan, Fasilitas Sarana Pendidikan",1
2209,891,Perencanaan,-,1
2210,891.1,Program,-,1
2211,891.2,"Kurikulum dan Silabi",-,1
2212,891.3,"Proposal ( TOR )",-,1
2213,892,"Pendidikan _Egular / Kader",-,1
2214,892.1,"IPDN / APDN",-,1
2215,892.2,"Kursus-Kursus Reguler",-,1
2216,893,"Pendidikan dan Pelatihan / Non Reguler",-,1
2217,893.1,LEMHANAS,-,1
2218,893.2,"Pendidikan dan Pelatihan Struktural, SPATI, SPAMEN, SPAMA, ADUMLA, ADUM",-,1
2219,893.3,"Kursus-Kursus / Penataran",-,1
2220,893.4,"Diklat Tehnik, Fungsional Dan Manajemen Pemerintahan",-,1
2221,893.5,"Diklat Lainnya",-,1
2222,894,"Pendidikan Luar Negeri",-,1
2223,894.1,"Berkesinambungan / Berkala / Bergelar",-,1
2224,894.2,"Non Gelar / Diploma",-,1
2225,895,Metode,-,1
2226,895.1,Kuliah,-,1
2227,895.2,"Ceramah, Simposium",-,1
2228,895.3,"Diskusi, Raker, Seminar, Lokakarya, Orientasi",-,1
2229,895.4,"Studi Lapangan, Kkn, Widyawisata",-,1
2230,895.5,"Tanya Jawab / Sylabi / Modul / Kursil",-,1
2231,895.7,Penugasan,-,1
2232,895.8,Gladi,-,1
2233,896,"Tenaga Pengajar / Widyaiswara/Narasumber",-,1
2234,896.1,Moderator,-,1
2235,897,"Administrasi Pendidikan",-,1
2236,897.1,"Tahun Pelajaran",-,1
2237,897.2,"Persyaratan, Pendaftaran, Testing, Ujian",-,1
2238,897.3,STTP,-,1
2239,897.4,"Penilaian Angka Kredit",-,1
2240,897.5,"Laporan Pendidikan Dan Pelatihan",-,1
2241,898,"Fasilitas Belajar",-,1
2242,898.1,"Tunjangan Belajar",-,1
2243,898.2,Asrama,-,1
2244,898.3,"Uang Makan",-,1
2245,898.4,"Uang Transport",-,1
2246,898.5,"Uang Buku",-,1
2247,898.6,"Uang Ujian",-,1
2248,898.7,"Uang Semester / Uang Kuliah",-,1
2249,898.8,"Uang Saku",-,1
2250,899,Sarana,-,1
2251,899.1,"Bantuan Sarana Belajar",-,1
2252,899.2,"Bantuan Alat-Alat Tulis",-,1
2253,899.3,"Bantuan Sarana Belajar Lainnya",-,1
2254,900,KEUANGAN,-,1
2255,901,"Nota Keuangan",-,1
2256,902,APBN,-,1
2257,903,APBD,-,1
2258,904,APBN-P,-,1
2259,905,"Dana Alokasi Umum",-,1
2260,906,"Dana Alokasi Khusus",-,1
2261,907,"Dekonsentrasi (Pelimpahan Dana Dari Pusat Ke Daerah)",-,1
2262,907,-,-,1
2263,908,-,-,1
2264,910,ANGGARAN,-,1
2265,911,Rutin,-,1
2266,912,Pembangunan,-,1
2267,913,"Anggaran Belanja Tambahan",-,1
2268,914,"Daftar Isian Kegiatan (DIK)",-,1
2269,914.1,"Daftar Usulan Kegiatan (DUK)",-,1
2270,915,"Daftar Isian Poyek (DIP)",-,1
2271,915.1,"Daftar Usulan Proyek (DUP)",-,1
2272,915.2,"Daftar Isian Pengguna Anggaran (DIPA)",-,1
2273,916,"Revisi Anggaran",-,1
2274,917,-,-,1
2275,918,-,-,1
2276,920,"OTORISASI / SKO",-,1
2277,921,Rutin,-,1
2278,922,Pembangunan,-,1
2279,923,SIAP,-,1
2280,924,"Ralat SKO",-,1
2281,925,-,-,1
2282,926,-,-,1
2283,927,-,-,1
2284,930,VERIFIKASI,-,1
2285,931,"SPM Rutin (daftar p8)",-,1
2286,932,"SPM Pembangunan (daftar p8)",-,1
2287,933,"Penerimaan (daftar p6. p7)",-,1
2288,934,"SPJ Rutin",-,1
2289,935,"SPJ Pembangunan",-,1
2290,936,"Nota Pemeriksaan",-,1
2291,937,"SP Pemindahan Pembukuan",-,1
2292,938,-,-,1
2293,939,-,-,1
2294,940,PEMBUKUAN,-,1
2295,941,"Penyusunan Perhitungan Anggaran",-,1
2296,942,"Permintaan  Data Anggaran Laporan Fisik Pembangunan",-,1
2297,943,"Laporan Fisik Pembangunan",-,1
2298,944,-,-,1
2299,945,-,-,1
2300,950,PERBENDAHARAAN,-,1
2301,951,"Tuntutan Ganti Rugi (ICW Pasal 74)",-,1
2302,952,"Tuntutan Bendaharawan",-,1
2303,953,"Penghapusan Kekayaan Negara",-,1
2304,954,"Pengangkatan/Penggantian Pemimpin Proyak Dan Pengangkatan/Pemberhentian Bendaharawan",-,1
2305,955,"Spesimen Tanda Tangan",-,1
2306,956,"Surat Tagihan Piutang, Ikhtisar Bulanan",-,1
2307,957,-,-,1
2308,958,-,-,1
2309,959,-,-,1
2310,960,"PEMBINAAN KEBENDAHARAAN",-,1
2311,961,"Pemeriksaan Kas Dan Hasil Pemeriksaan Kas",-,1
2312,962,"Pemeriksaan Administrasi Bendaharawan",-,1
2313,963,"Laporan Keuangan Bendaharawan",-,1
2314,964,-,-,1
2315,965,-,-,1
2316,966,-,-,1
2317,970,PENDAPATAN,-,1
2318,971,"Perimbangan Keuangan",-,1
2319,972,Subsidi,-,1
2320,973,"Pajak,Ipeda, IHH,IHPH",-,1
2321,974,Retribusi,-,1
2322,975,Bea,-,1
2323,976,Cukai,-,1
2324,977,"Pungutan / PNBP",-,1
2325,978,"Bantuan Presiden, Menteri Dan Bantuan Lainnya",-,1
2326,979,-,-,1
2327,980,-,-,1
2328,981,-,-,1
2329,990,BENDAHARAWAN,-,1
2330,991,"SKPP / SPP",-,1
2331,992,"Teguran SPJ",-,1
2332,993,-,-,1
2333,994,-,-,1
2334,995,-,-,1
